INSERT INTO MOVIE VALUES (1,'Star Wars',1977,8.9,14182);
INSERT INTO MOVIE VALUES (2,'Pulp Fiction',1994,8.4,11693);
INSERT INTO MOVIE VALUES (3,'Blade Runner',1982,8.6,8665);
INSERT INTO MOVIE VALUES (4,'Titanic',1997,9.2,8129);
INSERT INTO MOVIE VALUES (5,'Braveheart',1995,8.4,8074);
INSERT INTO MOVIE VALUES (6,'Empire Strikes Back, The',1980,8.5,8050);
INSERT INTO MOVIE VALUES (7,'Shawshank Redemption, The',1994,8.8,7850);
INSERT INTO MOVIE VALUES (8,'Independence Day',1996,7.0,7138);
INSERT INTO MOVIE VALUES (9,'Usual Suspects, The',1995,8.7,6981);
INSERT INTO MOVIE VALUES (10,'Raiders of the Lost Ark',1981,8.4,6488);
INSERT INTO MOVIE VALUES (11,'2001: A Space Odyssey',1968,8.4,6413);
INSERT INTO MOVIE VALUES (12,'Forrest Gump',1994,7.8,6269);
INSERT INTO MOVIE VALUES (13,'Aliens',1986,8.3,5811);
INSERT INTO MOVIE VALUES (14,'Silence of the Lambs, The',1991,8.3,5715);
INSERT INTO MOVIE VALUES (15,'Princess Bride, The',1987,8.4,5522);
INSERT INTO MOVIE VALUES (16,'Terminator 2: Judgment Day',1991,8.0,5513);
INSERT INTO MOVIE VALUES (17,'Casablanca',1942,8.7,5489);
INSERT INTO MOVIE VALUES (18,'Monty Python and the Holy Grail',1974,8.4,5319);
INSERT INTO MOVIE VALUES (19,'Star Trek: First Contact',1996,8.2,5298);
INSERT INTO MOVIE VALUES (20,'Fargo',1996,8.2,5293);
INSERT INTO MOVIE VALUES (21,'Twelve Monkeys',1995,8.0,5287);
INSERT INTO MOVIE VALUES (22,'Trainspotting',1996,8.1,5233);
INSERT INTO MOVIE VALUES (23,'Godfather, The',1972,8.7,5211);
INSERT INTO MOVIE VALUES (24,'Se7en',1995,8.1,5107);
INSERT INTO MOVIE VALUES (25,'Back to the Future',1985,7.8,5103);
INSERT INTO MOVIE VALUES (26,'Rock, The',1996,8.0,4938);
INSERT INTO MOVIE VALUES (27,'Reservoir Dogs',1992,8.3,4861);
INSERT INTO MOVIE VALUES (28,'Apocalypse Now',1979,8.3,4860);
INSERT INTO MOVIE VALUES (29,'Alien',1979,8.2,4828);
INSERT INTO MOVIE VALUES (30,'Apollo 13',1995,7.8,4778);
INSERT INTO MOVIE VALUES (31,'Clockwork Orange, A',1971,8.4,4767);
INSERT INTO MOVIE VALUES (32,'Jurassic Park',1993,7.4,4707);
INSERT INTO MOVIE VALUES (33,'English Patient, The',1996,8.1,4689);
INSERT INTO MOVIE VALUES (34,'One Flew Over the Cuckoo''s Nest',1975,8.5,4545);
INSERT INTO MOVIE VALUES (35,'Dr. Strangelove or: How I Learned to Stop Worrying and Love the Bomb',1963,8.6,4451);
INSERT INTO MOVIE VALUES (39,'Terminator, The',1984,7.8,4225);
INSERT INTO MOVIE VALUES (48,'True Lies',1994,7.3,3601);
INSERT INTO MOVIE VALUES (94,'Total Recall',1990,7.1,2305);
INSERT INTO MOVIE VALUES (180,'Predator',1987,7.2,1604);
INSERT INTO MOVIE VALUES (263,'Conan the Barbarian',1981,6.9,1271);
INSERT INTO MOVIE VALUES (321,'Twins',1988,6.3,1126);
INSERT INTO MOVIE VALUES (334,'Last Action Hero',1993,5.9,1107);
INSERT INTO MOVIE VALUES (410,'Dave',1993,7.4,962);
INSERT INTO MOVIE VALUES (440,'Kindergarten Cop',1990,6.2,894);
INSERT INTO MOVIE VALUES (471,'Running Man, The',1987,6.3,856);
INSERT INTO MOVIE VALUES (629,'Commando',1985,6.1,673);
INSERT INTO MOVIE VALUES (746,'Conan the Destroyer',1984,5.4,542);
INSERT INTO MOVIE VALUES (932,'Red Heat',1988,5.8,402);
INSERT INTO MOVIE VALUES (960,'Terminator 2: 3-D',1996,8.7,384);
INSERT INTO MOVIE VALUES (1106,'Junior',1994,5.9,329);
INSERT INTO MOVIE VALUES (1339,'Jingle All the Way',1996,6.0,262);
INSERT INTO MOVIE VALUES (1551,'Raw Deal',1986,5.0,215);
INSERT INTO MOVIE VALUES (1622,'Batman and Robin',1997,3.9,1925);
INSERT INTO MOVIE VALUES (1644,'Red Sonja',1985,4.6,404);
INSERT INTO MOVIE VALUES (1353,'Outrageous Fortune',1987,6.1,258);
INSERT INTO MOVIE VALUES (975,'Night Shift',1982,6.6,377);
INSERT INTO MOVIE VALUES (910,'Brady Bunch Movie, The',1995,6.3,412);
INSERT INTO MOVIE VALUES (793,'Money Pit, The',1986,5.8,482);
INSERT INTO ACTOR VALUES (7975,'Shelley Long');
INSERT INTO ACTOR VALUES (197,'Alice Krige');
INSERT INTO ACTOR VALUES (7130,'Rebecca Jane Klingler');
INSERT INTO ACTOR VALUES (8103,'Stephen Baldwin');
INSERT INTO ACTOR VALUES (5511,'Madeleine Lebeau');
INSERT INTO ACTOR VALUES (7051,'Ralph Peduto');
INSERT INTO ACTOR VALUES (5512,'Madeleine Stowe');
INSERT INTO ACTOR VALUES (5350,'Lisa Gay Hamilton');
INSERT INTO ACTOR VALUES (8105,'Stephen Bridgewater');
INSERT INTO ACTOR VALUES (5351,'Lisa Jakub');
INSERT INTO ACTOR VALUES (3731,'James Lancaster');
INSERT INTO ACTOR VALUES (5514,'Madge Ryan');
INSERT INTO ACTOR VALUES (5190,'LeVar Burton');
INSERT INTO ACTOR VALUES (4461,'John Murtagh');
INSERT INTO ACTOR VALUES (1950,'David Steen');
INSERT INTO ACTOR VALUES (8026,'Simonetta Stefanelli');
INSERT INTO ACTOR VALUES (5191,'Lea Thompson');
INSERT INTO ACTOR VALUES (4462,'John Nathan');
INSERT INTO ACTOR VALUES (3490,'Ingrid Bergman');
INSERT INTO ACTOR VALUES (2842,'G.D. Spradlin');
INSERT INTO ACTOR VALUES (2761,'Frank Novak');
INSERT INTO ACTOR VALUES (8028,'Siobhan Fallon');
INSERT INTO ACTOR VALUES (6084,'Michael Madsen');
INSERT INTO ACTOR VALUES (7219,'Richard Bright');
INSERT INTO ACTOR VALUES (4708,'Julia Sweeney');
INSERT INTO ACTOR VALUES (2845,'Gabriel Byrne');
INSERT INTO ACTOR VALUES (2764,'Frank Oz');
INSERT INTO ACTOR VALUES (6087,'Michael Massee');
INSERT INTO ACTOR VALUES (1875,'David Early');
INSERT INTO ACTOR VALUES (2848,'Gabriel Jarret');
INSERT INTO ACTOR VALUES (2769,'Frank Seals Jr.');
INSERT INTO ACTOR VALUES (440,'Anthony ''Chip'' Brienza');
INSERT INTO ACTOR VALUES (445,'Anthony Chinn');
INSERT INTO ACTOR VALUES (446,'Anthony Clark');
INSERT INTO ACTOR VALUES (447,'Anthony Crivello');
INSERT INTO ACTOR VALUES (448,'Anthony Daniels');
INSERT INTO ACTOR VALUES (7141,'Reg E. Cathey');
INSERT INTO ACTOR VALUES (7060,'Rance Howard');
INSERT INTO ACTOR VALUES (4630,'Joseph Mazzello');
INSERT INTO ACTOR VALUES (9005,'William Duell');
INSERT INTO ACTOR VALUES (5441,'Louis Lombardi');
INSERT INTO ACTOR VALUES (4631,'Joseph McKenna');
INSERT INTO ACTOR VALUES (2930,'Gene Borkan');
INSERT INTO ACTOR VALUES (5361,'Lisa Talerico');
INSERT INTO ACTOR VALUES (4714,'Julian Glover');
INSERT INTO ACTOR VALUES (4633,'Joseph Patrick Kelly');
INSERT INTO ACTOR VALUES (3580,'Jack Conley');
INSERT INTO ACTOR VALUES (8036,'Slim Pickens');
INSERT INTO ACTOR VALUES (6254,'Mirron E. Willis');
INSERT INTO ACTOR VALUES (5525,'Mae Whitman');
INSERT INTO ACTOR VALUES (3581,'Jack Creley');
INSERT INTO ACTOR VALUES (1880,'David Gant');
INSERT INTO ACTOR VALUES (9009,'William Forsythe');
INSERT INTO ACTOR VALUES (5445,'Louisa  Marie (I)');
INSERT INTO ACTOR VALUES (5446,'Louisa Moritz');
INSERT INTO ACTOR VALUES (5284,'Leslie Schofield');
INSERT INTO ACTOR VALUES (4636,'Joseph Ragno');
INSERT INTO ACTOR VALUES (5447,'Louise Fletcher');
INSERT INTO ACTOR VALUES (5285,'Levani');
INSERT INTO ACTOR VALUES (6179,'Miguel  Sandoval (I)');
INSERT INTO ACTOR VALUES (3668,'James  Keane (I)');
INSERT INTO ACTOR VALUES (2778,'Frank Whaley');
INSERT INTO ACTOR VALUES (612,'Barry Dennen');
INSERT INTO ACTOR VALUES (1889,'David Harold Brown');
INSERT INTO ACTOR VALUES (290,'Andre B. Blake');
INSERT INTO ACTOR VALUES (618,'Barry McGovern');
INSERT INTO ACTOR VALUES (456,'Anthony Guidera');
INSERT INTO ACTOR VALUES (457,'Anthony Heald');
INSERT INTO ACTOR VALUES (458,'Anthony Higgins');
INSERT INTO ACTOR VALUES (459,'Anthony Hopkins');
INSERT INTO ACTOR VALUES (6501,'Norwich Duff');
INSERT INTO ACTOR VALUES (5610,'Margaret Colin');
INSERT INTO ACTOR VALUES (4720,'Julian Wadham');
INSERT INTO ACTOR VALUES (9014,'William H. Macy');
INSERT INTO ACTOR VALUES (4803,'Karl Warren');
INSERT INTO ACTOR VALUES (3832,'Jason Barry');
INSERT INTO ACTOR VALUES (9017,'William Hootkins');
INSERT INTO ACTOR VALUES (4562,'Jon Matthews');
INSERT INTO ACTOR VALUES (2780,'Frankie Faison');
INSERT INTO ACTOR VALUES (9018,'William Hope');
INSERT INTO ACTOR VALUES (5535,'Maia Brewton');
INSERT INTO ACTOR VALUES (4725,'Julie Araskog');
INSERT INTO ACTOR VALUES (4482,'John Qualen');
INSERT INTO ACTOR VALUES (3915,'Jeannie Linero');
INSERT INTO ACTOR VALUES (6508,'Obba Babatund‰');
INSERT INTO ACTOR VALUES (4483,'John R. Woodward');
INSERT INTO ACTOR VALUES (3754,'James Rebhorn');
INSERT INTO ACTOR VALUES (7076,'Randy Oglesby');
INSERT INTO ACTOR VALUES (5618,'Margaret Tyzack');
INSERT INTO ACTOR VALUES (5537,'Majel Barrett');
INSERT INTO ACTOR VALUES (5375,'Lloyd L. Tolbert');
INSERT INTO ACTOR VALUES (4808,'Kasi Lemmons');
INSERT INTO ACTOR VALUES (3836,'Jason Hervey');
INSERT INTO ACTOR VALUES (2864,'Garrick Hagon');
INSERT INTO ACTOR VALUES (6349,'Nathan George');
INSERT INTO ACTOR VALUES (5296,'Lexie Bigham');
INSERT INTO ACTOR VALUES (4567,'Jon Seda');
INSERT INTO ACTOR VALUES (4486,'John Ratzenberger');
INSERT INTO ACTOR VALUES (3757,'James Ritz');
INSERT INTO ACTOR VALUES (3676,'James B. Howard');
INSERT INTO ACTOR VALUES (7079,'Randy Quaid');
INSERT INTO ACTOR VALUES (4487,'John Rhys-Davies');
INSERT INTO ACTOR VALUES (1976,'DeVaughn Nixon');
INSERT INTO ACTOR VALUES (1977,'Dean Cundey');
INSERT INTO ACTOR VALUES (5299,'Liam Carney');
INSERT INTO ACTOR VALUES (703,'Bert  Williams (II)');
INSERT INTO ACTOR VALUES (545,'Arthur Senzy');
INSERT INTO ACTOR VALUES (8131,'Stephen Wesley Bridgewater');
INSERT INTO ACTOR VALUES (5540,'Mal Whyte');
INSERT INTO ACTOR VALUES (8133,'Sterling Hayden');
INSERT INTO ACTOR VALUES (5703,'Mark Hamill');
INSERT INTO ACTOR VALUES (7081,'Raphael Sbarge');
INSERT INTO ACTOR VALUES (3841,'Jason Marin');
INSERT INTO ACTOR VALUES (5624,'Margery Mason');
INSERT INTO ACTOR VALUES (4733,'Julie Donatt');
INSERT INTO ACTOR VALUES (5544,'Malcolm McDowell');
INSERT INTO ACTOR VALUES (4734,'Julie H. Morgan');
INSERT INTO ACTOR VALUES (3682,'James Caan');
INSERT INTO ACTOR VALUES (1981,'Dean Norris');
INSERT INTO ACTOR VALUES (9029,'William Masson');
INSERT INTO ACTOR VALUES (6437,'Nicolas Cage');
INSERT INTO ACTOR VALUES (2954,'Geoffrey Blake');
INSERT INTO ACTOR VALUES (8139,'Steve  Park (I)');
INSERT INTO ACTOR VALUES (6357,'Neal McDonough');
INSERT INTO ACTOR VALUES (5547,'Malcolm Storry');
INSERT INTO ACTOR VALUES (5548,'Malcolm Tierney');
INSERT INTO ACTOR VALUES (4819,'Kate Winslet');
INSERT INTO ACTOR VALUES (3767,'James Tolkan');
INSERT INTO ACTOR VALUES (4578,'Jonathan Frakes');
INSERT INTO ACTOR VALUES (4497,'John Savident');
INSERT INTO ACTOR VALUES (3687,'James Caviezel');
INSERT INTO ACTOR VALUES (712,'Betsy Brantley');
INSERT INTO ACTOR VALUES (555,'Aubrey Morris');
INSERT INTO ACTOR VALUES (478,'Anthony Sharp');
INSERT INTO ACTOR VALUES (6520,'Oliver Maguire');
INSERT INTO ACTOR VALUES (7251,'Richard Graham');
INSERT INTO ACTOR VALUES (6360,'Ned Bellamy');
INSERT INTO ACTOR VALUES (5551,'Mandy Patinkin');
INSERT INTO ACTOR VALUES (4904,'Ken Daly');
INSERT INTO ACTOR VALUES (4580,'Jonathan Hyde');
INSERT INTO ACTOR VALUES (3932,'Jeff Goldblum');
INSERT INTO ACTOR VALUES (4662,'Josip Elic');
INSERT INTO ACTOR VALUES (7336,'Rick Warner');
INSERT INTO ACTOR VALUES (6364,'Ned Vaughn');
INSERT INTO ACTOR VALUES (4906,'Ken Gibbel');
INSERT INTO ACTOR VALUES (3772,'James Whitmore');
INSERT INTO ACTOR VALUES (3691,'James Cosmo');
INSERT INTO ACTOR VALUES (5717,'Mark Matheisen');
INSERT INTO ACTOR VALUES (3854,'Jay Acovone');
INSERT INTO ACTOR VALUES (8229,'Stuart Rudin');
INSERT INTO ACTOR VALUES (8148,'Steve Buscemi');
INSERT INTO ACTOR VALUES (7095,'Ray Hassett');
INSERT INTO ACTOR VALUES (5395,'Loren Dean');
INSERT INTO ACTOR VALUES (6287,'Morgan Freeman');
INSERT INTO ACTOR VALUES (5639,'Maria de Medeiros');
INSERT INTO ACTOR VALUES (4748,'Juliette Binoche');
INSERT INTO ACTOR VALUES (3695,'James Cromwell');
INSERT INTO ACTOR VALUES (3777,'Jamie Abbott');
INSERT INTO ACTOR VALUES (800,'Bill Smitrovich');
INSERT INTO ACTOR VALUES (6289,'Morgan Paull');
INSERT INTO ACTOR VALUES (3698,'James Deeth');
INSERT INTO ACTOR VALUES (2969,'George  Harris (II)');
INSERT INTO ACTOR VALUES (643,'Bee Duffell');
INSERT INTO ACTOR VALUES (565,'Austin O''Brien');
INSERT INTO ACTOR VALUES (9040,'William Redfield');
INSERT INTO ACTOR VALUES (7502,'Robert Ruth');
INSERT INTO ACTOR VALUES (9043,'William Sadler');
INSERT INTO ACTOR VALUES (7180,'Ricco Ross');
INSERT INTO ACTOR VALUES (4831,'Kathleen Quinlan');
INSERT INTO ACTOR VALUES (9044,'William Sanderson');
INSERT INTO ACTOR VALUES (6371,'Neil Giuntoli');
INSERT INTO ACTOR VALUES (5804,'Mary Kate Schellhardt');
INSERT INTO ACTOR VALUES (5723,'Mark Rolston');
INSERT INTO ACTOR VALUES (4913,'Ken Kells');
INSERT INTO ACTOR VALUES (3941,'Jeff O''Haco');
INSERT INTO ACTOR VALUES (8154,'Steve Giannelli');
INSERT INTO ACTOR VALUES (6453,'Nikki Cox');
INSERT INTO ACTOR VALUES (6291,'Morgana King');
INSERT INTO ACTOR VALUES (2970,'George  Kelly (II)');
INSERT INTO ACTOR VALUES (7183,'Rich Turner');
INSERT INTO ACTOR VALUES (6373,'Neil Innes');
INSERT INTO ACTOR VALUES (4672,'Juan A. Riojas');
INSERT INTO ACTOR VALUES (7265,'Richard Kiley');
INSERT INTO ACTOR VALUES (8319,'Talia Shire');
INSERT INTO ACTOR VALUES (4593,'Jonny Lee Miller');
INSERT INTO ACTOR VALUES (6376,'Neil Summers');
INSERT INTO ACTOR VALUES (4594,'Jophery C. Brown');
INSERT INTO ACTOR VALUES (2974,'George ''Buck'' Flower');
INSERT INTO ACTOR VALUES (7268,'Richard L. Duran');
INSERT INTO ACTOR VALUES (4919,'Ken Magee');
INSERT INTO ACTOR VALUES (6297,'Morton Kondracke');
INSERT INTO ACTOR VALUES (4677,'Judd Hirsch');
INSERT INTO ACTOR VALUES (5488,'Lyman Ward');
INSERT INTO ACTOR VALUES (2979,'George C. Scott');
INSERT INTO ACTOR VALUES (2899,'Gary Houston');
INSERT INTO ACTOR VALUES (653,'Ben Bode');
INSERT INTO ACTOR VALUES (576,'B.D. Wong');
INSERT INTO ACTOR VALUES (8322,'Tam White');
INSERT INTO ACTOR VALUES (6702,'Paul Calderon');
INSERT INTO ACTOR VALUES (5811,'Mary McDonnell');
INSERT INTO ACTOR VALUES (7432,'Robert Duvall');
INSERT INTO ACTOR VALUES (7270,'Richard Le Parmentier');
INSERT INTO ACTOR VALUES (5731,'Mark Wheeler');
INSERT INTO ACTOR VALUES (4840,'Kathryn Mullen');
INSERT INTO ACTOR VALUES (7271,'Richard Leaf');
INSERT INTO ACTOR VALUES (5570,'Marc Coppola');
INSERT INTO ACTOR VALUES (6381,'Nelson Mashita');
INSERT INTO ACTOR VALUES (4680,'Jude Ciccolella');
INSERT INTO ACTOR VALUES (5734,'Marla Sucharetza');
INSERT INTO ACTOR VALUES (3952,'Jeffrey DeMunn');
INSERT INTO ACTOR VALUES (3791,'Jana Marie Hupp');
INSERT INTO ACTOR VALUES (6627,'Patrick  Magee (I)');
INSERT INTO ACTOR VALUES (4845,'Kathy Bates');
INSERT INTO ACTOR VALUES (5575,'Marc McClure');
INSERT INTO ACTOR VALUES (4846,'Kathy Griffin');
INSERT INTO ACTOR VALUES (6467,'Noel Evangelisti');
INSERT INTO ACTOR VALUES (5739,'Marlon Brando');
INSERT INTO ACTOR VALUES (5658,'Marina Sirtis');
INSERT INTO ACTOR VALUES (2985,'George Christy');
INSERT INTO ACTOR VALUES (823,'Billy Crystal');
INSERT INTO ACTOR VALUES (663,'Ben Marley');
INSERT INTO ACTOR VALUES (745,'Bill  Raymond (I)');
INSERT INTO ACTOR VALUES (826,'Billy Dee Williams');
INSERT INTO ACTOR VALUES (827,'Billy Devlin');
INSERT INTO ACTOR VALUES (7600,'Ron  Rondell (II)');
INSERT INTO ACTOR VALUES (9060,'Willie Garson');
INSERT INTO ACTOR VALUES (7603,'Ron  Young (I)');
INSERT INTO ACTOR VALUES (7522,'Robert Winley');
INSERT INTO ACTOR VALUES (9062,'Willoughby Gray');
INSERT INTO ACTOR VALUES (8414,'Thom Barry');
INSERT INTO ACTOR VALUES (6390,'Niall O''Brien');
INSERT INTO ACTOR VALUES (5823,'Marya Small');
INSERT INTO ACTOR VALUES (8173,'Steve Rankin');
INSERT INTO ACTOR VALUES (7444,'Robert Haley');
INSERT INTO ACTOR VALUES (5905,'Meadow Williams');
INSERT INTO ACTOR VALUES (7283,'Richard Oldfield');
INSERT INTO ACTOR VALUES (2990,'George DiCenzo');
INSERT INTO ACTOR VALUES (8418,'Thomas  Crawford (I)');
INSERT INTO ACTOR VALUES (8175,'Steve Reevis');
INSERT INTO ACTOR VALUES (7285,'Richard Portnow');
INSERT INTO ACTOR VALUES (6394,'Nicholas Cascone');
INSERT INTO ACTOR VALUES (5746,'Marshall R. Teague');
INSERT INTO ACTOR VALUES (4936,'Kenneth Colley');
INSERT INTO ACTOR VALUES (9069,'Wolf Kahler');
INSERT INTO ACTOR VALUES (4857,'Keenan Wynn');
INSERT INTO ACTOR VALUES (4859,'Keir Dullea');
INSERT INTO ACTOR VALUES (3968,'Jenette Goldstein');
INSERT INTO ACTOR VALUES (750,'Bill Bolender');
INSERT INTO ACTOR VALUES (912,'Bokeem Woodbine');
INSERT INTO ACTOR VALUES (671,'Benicio Del Toro');
INSERT INTO ACTOR VALUES (590,'Barbara Coles');
INSERT INTO ACTOR VALUES (838,'Billy Zane');
INSERT INTO ACTOR VALUES (7612,'Ron Donachie');
INSERT INTO ACTOR VALUES (6721,'Paul Henreid');
INSERT INTO ACTOR VALUES (4860,'Keith  Allen (I)');
INSERT INTO ACTOR VALUES (7453,'Robert J. Stephenson');
INSERT INTO ACTOR VALUES (7291,'Richard Roundtree');
INSERT INTO ACTOR VALUES (8426,'Thomas F. Duffy');
INSERT INTO ACTOR VALUES (6482,'Norman Alden');
INSERT INTO ACTOR VALUES (8427,'Thomas F. Wilson');
INSERT INTO ACTOR VALUES (6645,'Patrick McGoohan');
INSERT INTO ACTOR VALUES (4782,'Karen Allen');
INSERT INTO ACTOR VALUES (7294,'Richard Schiff');
INSERT INTO ACTOR VALUES (8348,'Ted Grossman');
INSERT INTO ACTOR VALUES (8186,'Steven  Wright (I)');
INSERT INTO ACTOR VALUES (6809,'Pete Postlethwaite');
INSERT INTO ACTOR VALUES (8188,'Steven Berkoff');
INSERT INTO ACTOR VALUES (7297,'Richard Speight Jr.');
INSERT INTO ACTOR VALUES (5758,'Martin Ferrero');
INSERT INTO ACTOR VALUES (4948,'Kenneth Utt');
INSERT INTO ACTOR VALUES (6488,'Norman Chancer');
INSERT INTO ACTOR VALUES (3896,'Jean Speegle Howard');
INSERT INTO ACTOR VALUES (4789,'Karen Maruyama');
INSERT INTO ACTOR VALUES (844,'Blain Fairman');
INSERT INTO ACTOR VALUES (764,'Bill Dalzell III');
INSERT INTO ACTOR VALUES (1000,'Brian Libby');
INSERT INTO ACTOR VALUES (927,'Brad Dourif');
INSERT INTO ACTOR VALUES (1001,'Brian Markinson');
INSERT INTO ACTOR VALUES (687,'Bernard  Fox (I)');
INSERT INTO ACTOR VALUES (769,'Bill Graham');
INSERT INTO ACTOR VALUES (8351,'Ted Levine');
INSERT INTO ACTOR VALUES (5921,'Mel Gibson');
INSERT INTO ACTOR VALUES (9081,'Xander Berkeley');
INSERT INTO ACTOR VALUES (7380,'Robert  Beatty (I)');
INSERT INTO ACTOR VALUES (4950,'Kenny  Baker (I)');
INSERT INTO ACTOR VALUES (8353,'Ted Markland');
INSERT INTO ACTOR VALUES (7705,'Rudy Bond');
INSERT INTO ACTOR VALUES (7624,'Ron Pitts');
INSERT INTO ACTOR VALUES (7462,'Robert Krantz');
INSERT INTO ACTOR VALUES (5923,'Mel Smith');
INSERT INTO ACTOR VALUES (8435,'Thomas J. Hageboeck');
INSERT INTO ACTOR VALUES (8273,'Susan Vidler');
INSERT INTO ACTOR VALUES (7382,'Robert  Carlyle (I)');
INSERT INTO ACTOR VALUES (5762,'Martin Jarvis');
INSERT INTO ACTOR VALUES (6816,'Peter  Greene (I)');
INSERT INTO ACTOR VALUES (6654,'Patrick Stewart');
INSERT INTO ACTOR VALUES (6736,'Paul Lazar');
INSERT INTO ACTOR VALUES (7547,'Robin Wright');
INSERT INTO ACTOR VALUES (6737,'Paul LeClair');
INSERT INTO ACTOR VALUES (5684,'Mark  Thompson (II)');
INSERT INTO ACTOR VALUES (9087,'Yaphet Kotto');
INSERT INTO ACTOR VALUES (5847,'Matt Ross');
INSERT INTO ACTOR VALUES (5766,'Martin Murphy');
INSERT INTO ACTOR VALUES (5769,'Martin Serene');
INSERT INTO ACTOR VALUES (931,'Brad Pitt');
INSERT INTO ACTOR VALUES (692,'Bernard Hill');
INSERT INTO ACTOR VALUES (694,'Bernard Horsfall');
INSERT INTO ACTOR VALUES (859,'Bob  Collins (III)');
INSERT INTO ACTOR VALUES (8601,'Tom Towles');
INSERT INTO ACTOR VALUES (6902,'Peter Schrum');
INSERT INTO ACTOR VALUES (6821,'Peter  Mayhew (II)');
INSERT INTO ACTOR VALUES (6741,'Paul Mantee');
INSERT INTO ACTOR VALUES (7633,'Ron Vawter');
INSERT INTO ACTOR VALUES (6904,'Peter Sellers');
INSERT INTO ACTOR VALUES (5770,'Martin Sheen');
INSERT INTO ACTOR VALUES (7472,'Robert Loggia');
INSERT INTO ACTOR VALUES (6906,'Peter Stormare');
INSERT INTO ACTOR VALUES (5691,'Mark Boone Jr.');
INSERT INTO ACTOR VALUES (7717,'Rupert Vansittart');
INSERT INTO ACTOR VALUES (6745,'Paul McCrane');
INSERT INTO ACTOR VALUES (8366,'Tere Livrano');
INSERT INTO ACTOR VALUES (7556,'Rocky Taylor');
INSERT INTO ACTOR VALUES (7394,'Robert  Patrick (I)');
INSERT INTO ACTOR VALUES (6665,'Patti Yasutake');
INSERT INTO ACTOR VALUES (4965,'Kerry Rossall');
INSERT INTO ACTOR VALUES (5695,'Mark Christopher Lawrence');
INSERT INTO ACTOR VALUES (8288,'Suzy Amis');
INSERT INTO ACTOR VALUES (6668,'Patty Raya');
INSERT INTO ACTOR VALUES (4968,'Kevin  Allen (I)');
INSERT INTO ACTOR VALUES (863,'Bob  Peck (I)');
INSERT INTO ACTOR VALUES (864,'Bob Adrian');
INSERT INTO ACTOR VALUES (1022,'Brigitte Kahn');
INSERT INTO ACTOR VALUES (1025,'Brion James');
INSERT INTO ACTOR VALUES (7800,'Sam Whipple');
INSERT INTO ACTOR VALUES (8530,'Todd Hallowell');
INSERT INTO ACTOR VALUES (8612,'Tommy Flanagan');
INSERT INTO ACTOR VALUES (7640,'Ronald Lacey');
INSERT INTO ACTOR VALUES (8532,'Todd Louiso');
INSERT INTO ACTOR VALUES (6670,'Paul  Freeman (I)');
INSERT INTO ACTOR VALUES (8616,'Tommy Lafitte');
INSERT INTO ACTOR VALUES (6834,'Peter Brocco');
INSERT INTO ACTOR VALUES (6754,'Paul Raczkowski');
INSERT INTO ACTOR VALUES (6755,'Paul Reiser');
INSERT INTO ACTOR VALUES (6674,'Paul  Maxwell (I)');
INSERT INTO ACTOR VALUES (6593,'Pat McNamara');
INSERT INTO ACTOR VALUES (5864,'Matthew Scurfield');
INSERT INTO ACTOR VALUES (4973,'Kevin  Thompson (III)');
INSERT INTO ACTOR VALUES (8538,'Tom  Mason (I)');
INSERT INTO ACTOR VALUES (8295,'Sydney Greenstreet');
INSERT INTO ACTOR VALUES (6837,'Peter Bull');
INSERT INTO ACTOR VALUES (8296,'Sydney Lassick');
INSERT INTO ACTOR VALUES (4975,'Kevin Bacon');
INSERT INTO ACTOR VALUES (6598,'Pat Roach');
INSERT INTO ACTOR VALUES (1110,'Buzz Kilman');
INSERT INTO ACTOR VALUES (794,'Bill Paxton');
INSERT INTO ACTOR VALUES (795,'Bill Pullman');
INSERT INTO ACTOR VALUES (1113,'Byron Minns');
INSERT INTO ACTOR VALUES (877,'Bob Gunton');
INSERT INTO ACTOR VALUES (1033,'Bronagh Gallagher');
INSERT INTO ACTOR VALUES (959,'Brenda Hillhouse');
INSERT INTO ACTOR VALUES (878,'Bob Harks');
INSERT INTO ACTOR VALUES (797,'Bill Reimbold');
INSERT INTO ACTOR VALUES (1038,'Brooke Smith');
INSERT INTO ACTOR VALUES (7810,'Samuel L. Jackson');
INSERT INTO ACTOR VALUES (8621,'Tommy Thomas');
INSERT INTO ACTOR VALUES (8382,'Terrence Evans');
INSERT INTO ACTOR VALUES (7653,'Rosalind Ayres');
INSERT INTO ACTOR VALUES (6924,'Phil Kelly');
INSERT INTO ACTOR VALUES (4980,'Kevin Cooney');
INSERT INTO ACTOR VALUES (7735,'Rutger Hauer');
INSERT INTO ACTOR VALUES (7492,'Robert Picardo');
INSERT INTO ACTOR VALUES (6845,'Peter Cook');
INSERT INTO ACTOR VALUES (8548,'Tom  Wood (II)');
INSERT INTO ACTOR VALUES (7657,'Rosanna Arquette');
INSERT INTO ACTOR VALUES (7577,'Roger Corman');
INSERT INTO ACTOR VALUES (6848,'Peter Crombie');
INSERT INTO ACTOR VALUES (8388,'Terry Forrestal');
INSERT INTO ACTOR VALUES (964,'Brendan  Kelly (I)');
INSERT INTO ACTOR VALUES (1120,'C.J. Bau');
INSERT INTO ACTOR VALUES (1202,'Carol Kane');
INSERT INTO ACTOR VALUES (967,'Brendan Gleeson');
INSERT INTO ACTOR VALUES (1045,'Bruce  Wright (I)');
INSERT INTO ACTOR VALUES (7903,'Sean McGinley');
INSERT INTO ACTOR VALUES (6850,'Peter Cushing');
INSERT INTO ACTOR VALUES (8390,'Terry Gilliam');
INSERT INTO ACTOR VALUES (6851,'Peter Dobson');
INSERT INTO ACTOR VALUES (5960,'Michael  Bates (I)');
INSERT INTO ACTOR VALUES (8472,'Tim Kelleher');
INSERT INTO ACTOR VALUES (8391,'Terry Jones');
INSERT INTO ACTOR VALUES (6690,'Paul Bartel');
INSERT INTO ACTOR VALUES (7746,'Ryan Holihan');
INSERT INTO ACTOR VALUES (4993,'Kevin Mangan');
INSERT INTO ACTOR VALUES (6938,'Philip  Roth (II)');
INSERT INTO ACTOR VALUES (8397,'Terry Richards');
INSERT INTO ACTOR VALUES (6939,'Philip  Stone (I)');
INSERT INTO ACTOR VALUES (970,'Brent Hinkley');
INSERT INTO ACTOR VALUES (972,'Brent Spiner');
INSERT INTO ACTOR VALUES (893,'Bob Penny');
INSERT INTO ACTOR VALUES (975,'Brett Cullen');
INSERT INTO ACTOR VALUES (1050,'Bruce Boa');
INSERT INTO ACTOR VALUES (976,'Brett Rice');
INSERT INTO ACTOR VALUES (1051,'Bruce Bohne');
INSERT INTO ACTOR VALUES (977,'Brian  Cox (III)');
INSERT INTO ACTOR VALUES (1136,'Cameron Thor');
INSERT INTO ACTOR VALUES (1139,'Camilla Overbye Roos');
INSERT INTO ACTOR VALUES (8720,'Tudor Sherrard');
INSERT INTO ACTOR VALUES (7913,'Sean Young');
INSERT INTO ACTOR VALUES (8562,'Tom Hanks');
INSERT INTO ACTOR VALUES (8481,'Tim Robbins');
INSERT INTO ACTOR VALUES (6861,'Peter Falk');
INSERT INTO ACTOR VALUES (8725,'Tutte Lemkow');
INSERT INTO ACTOR VALUES (7753,'S. Epatha Merkerson');
INSERT INTO ACTOR VALUES (8483,'Tim Roth');
INSERT INTO ACTOR VALUES (7592,'Rohn Thomas');
INSERT INTO ACTOR VALUES (5892,'Max Elliott Slade');
INSERT INTO ACTOR VALUES (7756,'Sachi Parker');
INSERT INTO ACTOR VALUES (7676,'Ross Bagley');
INSERT INTO ACTOR VALUES (5894,'Max Grod‰nchik');
INSERT INTO ACTOR VALUES (984,'Brian Brophy');
INSERT INTO ACTOR VALUES (2111,'Diane Baker');
INSERT INTO ACTOR VALUES (1222,'Carrie Fisher');
INSERT INTO ACTOR VALUES (1060,'Bruce Kirkpatrick');
INSERT INTO ACTOR VALUES (1224,'Cary Elwes');
INSERT INTO ACTOR VALUES (2034,'Delos V. Smith Jr.');
INSERT INTO ACTOR VALUES (989,'Brian Delate');
INSERT INTO ACTOR VALUES (2116,'Diane Keaton');
INSERT INTO ACTOR VALUES (8735,'Uma Thurman');
INSERT INTO ACTOR VALUES (6873,'Peter Kent');
INSERT INTO ACTOR VALUES (8656,'Tony Giorgio');
INSERT INTO ACTOR VALUES (7765,'Sally Field');
INSERT INTO ACTOR VALUES (7767,'Sally Kinghorne');
INSERT INTO ACTOR VALUES (6879,'Peter Lorre');
INSERT INTO ACTOR VALUES (2040,'Denholm Elliott');
INSERT INTO ACTOR VALUES (2121,'Diane Rodriguez');
INSERT INTO ACTOR VALUES (1231,'Casey Siemaszko');
INSERT INTO ACTOR VALUES (2203,'Don Fellows');
INSERT INTO ACTOR VALUES (2204,'Don Fischer');
INSERT INTO ACTOR VALUES (1071,'Bruce Willis');
INSERT INTO ACTOR VALUES (2044,'Denis Lawson');
INSERT INTO ACTOR VALUES (1155,'Carl Bressler');
INSERT INTO ACTOR VALUES (1236,'Castulo Guerra');
INSERT INTO ACTOR VALUES (1159,'Carl Duering');
INSERT INTO ACTOR VALUES (7930,'Shane Rimmer');
INSERT INTO ACTOR VALUES (7770,'Sally Wingert');
INSERT INTO ACTOR VALUES (7933,'Shannon Wilcox');
INSERT INTO ACTOR VALUES (8908,'Warren Clarke');
INSERT INTO ACTOR VALUES (7937,'Sharon Anderson');
INSERT INTO ACTOR VALUES (7856,'Sayed Badreya');
INSERT INTO ACTOR VALUES (7775,'Sam  Anderson (I)');
INSERT INTO ACTOR VALUES (7857,'Scatman Crothers');
INSERT INTO ACTOR VALUES (7777,'Sam Bottoms');
INSERT INTO ACTOR VALUES (7697,'Rozwill Young');
INSERT INTO ACTOR VALUES (5997,'Michael Berryman');
INSERT INTO ACTOR VALUES (5998,'Michael Biehn');
INSERT INTO ACTOR VALUES (3100,'Glenn Beck');
INSERT INTO ACTOR VALUES (1400,'Chris Isaak');
INSERT INTO ACTOR VALUES (2212,'Don Lake');
INSERT INTO ACTOR VALUES (2132,'Dick Cavett');
INSERT INTO ACTOR VALUES (1323,'Charles Napier');
INSERT INTO ACTOR VALUES (2052,'Denney Pierce');
INSERT INTO ACTOR VALUES (1406,'Chris Penn');
INSERT INTO ACTOR VALUES (2217,'Don McManus');
INSERT INTO ACTOR VALUES (1084,'Buck Kartalian');
INSERT INTO ACTOR VALUES (8911,'Warren Keith');
INSERT INTO ACTOR VALUES (8832,'Vincent Schiavelli');
INSERT INTO ACTOR VALUES (6891,'Peter Mullan');
INSERT INTO ACTOR VALUES (8838,'Ving Rhames');
INSERT INTO ACTOR VALUES (8757,'Van Ling');
INSERT INTO ACTOR VALUES (8597,'Tom Skerritt');
INSERT INTO ACTOR VALUES (7788,'Sam Neill');
INSERT INTO ACTOR VALUES (1410,'Chris Sarandon');
INSERT INTO ACTOR VALUES (1331,'Charles Techman');
INSERT INTO ACTOR VALUES (1413,'Christian Clemenson');
INSERT INTO ACTOR VALUES (2304,'Douglas Rain');
INSERT INTO ACTOR VALUES (4006,'Jeremy Sinden');
INSERT INTO ACTOR VALUES (2146,'Dick Stilwell');
INSERT INTO ACTOR VALUES (3118,'Gloria Stuart');
INSERT INTO ACTOR VALUES (2229,'Don Stanton');
INSERT INTO ACTOR VALUES (1098,'Burnell Tucker');
INSERT INTO ACTOR VALUES (8920,'Wayne A. Evenson');
INSERT INTO ACTOR VALUES (1099,'Burr Steers');
INSERT INTO ACTOR VALUES (8761,'Vanessa J. Wells');
INSERT INTO ACTOR VALUES (8680,'Tony Simotes');
INSERT INTO ACTOR VALUES (8924,'Wayne Duvall');
INSERT INTO ACTOR VALUES (8683,'Tony Todd');
INSERT INTO ACTOR VALUES (8684,'Tony Vogel');
INSERT INTO ACTOR VALUES (7874,'Scott Glenn');
INSERT INTO ACTOR VALUES (8928,'Wayne Knight');
INSERT INTO ACTOR VALUES (8767,'Venessia Valentino');
INSERT INTO ACTOR VALUES (7959,'Shay Duffin');
INSERT INTO ACTOR VALUES (2230,'Don Stark');
INSERT INTO ACTOR VALUES (3121,'Godfrey Quigley');
INSERT INTO ACTOR VALUES (1421,'Christine Devine');
INSERT INTO ACTOR VALUES (3123,'Googy Gress');
INSERT INTO ACTOR VALUES (1423,'Christine Estabrook');
INSERT INTO ACTOR VALUES (2071,'Dennis Hopper');
INSERT INTO ACTOR VALUES (2233,'Donal Gibson');
INSERT INTO ACTOR VALUES (1181,'Carlos Lacamara');
INSERT INTO ACTOR VALUES (1505,'Clair Forlani');
INSERT INTO ACTOR VALUES (3125,'Gordon Greene');
INSERT INTO ACTOR VALUES (1345,'Charlotte Chatton');
INSERT INTO ACTOR VALUES (3046,'Gerald R. Molen');
INSERT INTO ACTOR VALUES (8850,'Vito D''Ambrosio');
INSERT INTO ACTOR VALUES (8851,'Vito Scotti');
INSERT INTO ACTOR VALUES (8691,'Tracey Walter');
INSERT INTO ACTOR VALUES (8935,'Wendie Jo Sperber');
INSERT INTO ACTOR VALUES (8857,'Vivica A. Fox');
INSERT INTO ACTOR VALUES (7966,'Sheila Raynor');
INSERT INTO ACTOR VALUES (8777,'Veronica Cartwright');
INSERT INTO ACTOR VALUES (8697,'Tracy Reed');
INSERT INTO ACTOR VALUES (7968,'Shelagh Fraser');
INSERT INTO ACTOR VALUES (8698,'Tracy Reiner');
INSERT INTO ACTOR VALUES (12,'Abdul Salaam El Razzac');
INSERT INTO ACTOR VALUES (13,'Abe Vigoda');
INSERT INTO ACTOR VALUES (4020,'Jerry Dunphy');
INSERT INTO ACTOR VALUES (4101,'Jim Palmer');
INSERT INTO ACTOR VALUES (4102,'Jim Piddock');
INSERT INTO ACTOR VALUES (4103,'Jim Roche');
INSERT INTO ACTOR VALUES (2241,'Donald Fullilove');
INSERT INTO ACTOR VALUES (19,'Adam Baldwin');
INSERT INTO ACTOR VALUES (2323,'Duffy Gaver');
INSERT INTO ACTOR VALUES (3052,'Gerard G. Williams');
INSERT INTO ACTOR VALUES (1515,'Clancy Brown');
INSERT INTO ACTOR VALUES (3054,'Gerard McSorley');
INSERT INTO ACTOR VALUES (3216,'Gwenda Deacon');
INSERT INTO ACTOR VALUES (4027,'Jerry Harte');
INSERT INTO ACTOR VALUES (3218,'Gwyneth Paltrow');
INSERT INTO ACTOR VALUES (1357,'Chazz Palminteri');
INSERT INTO ACTOR VALUES (2089,'Derek Kim');
INSERT INTO ACTOR VALUES (1199,'Carol Cleveland');
INSERT INTO ACTOR VALUES (8781,'Vic Tablian');
INSERT INTO ACTOR VALUES (7892,'Sean  Sullivan (I)');
INSERT INTO ACTOR VALUES (8946,'Wendy L. Walsh');
INSERT INTO ACTOR VALUES (7896,'Sean Connery');
INSERT INTO ACTOR VALUES (5000,'Kevin Pollak');
INSERT INTO ACTOR VALUES (3301,'Harve Presnell');
INSERT INTO ACTOR VALUES (2411,'Eddie Tagoe');
INSERT INTO ACTOR VALUES (5003,'Kevin Sifuentes');
INSERT INTO ACTOR VALUES (5004,'Kevin Spacey');
INSERT INTO ACTOR VALUES (3304,'Harvey Fierstein');
INSERT INTO ACTOR VALUES (5005,'Kevin Thigpen');
INSERT INTO ACTOR VALUES (1280,'Charles A. Tamburro');
INSERT INTO ACTOR VALUES (2090,'Derek Webster');
INSERT INTO ACTOR VALUES (3144,'Graham Chapman');
INSERT INTO ACTOR VALUES (2254,'Donald Zinn');
INSERT INTO ACTOR VALUES (4117,'Jimmy Keogh');
INSERT INTO ACTOR VALUES (3227,'Hal Galili');
INSERT INTO ACTOR VALUES (3308,'Harvey Keitel');
INSERT INTO ACTOR VALUES (4038,'Jerry Ziesmer');
INSERT INTO ACTOR VALUES (3067,'Giancarlo Esposito');
INSERT INTO ACTOR VALUES (3069,'Gianni Russo');
INSERT INTO ACTOR VALUES (8792,'Victor Garber');
INSERT INTO ACTOR VALUES (8875,'Wallace Shawn');
INSERT INTO ACTOR VALUES (30,'Adam Scott');
INSERT INTO ACTOR VALUES (4201,'Joe Morton');
INSERT INTO ACTOR VALUES (2340,'Dwight Hicks');
INSERT INTO ACTOR VALUES (1531,'Claude Rains');
INSERT INTO ACTOR VALUES (2341,'Dwight Marfield');
INSERT INTO ACTOR VALUES (38,'Adelle Lutz');
INSERT INTO ACTOR VALUES (1453,'Christopher Guest');
INSERT INTO ACTOR VALUES (3317,'Hawthorne James');
INSERT INTO ACTOR VALUES (3156,'Granville ''Danny'' Young');
INSERT INTO ACTOR VALUES (2185,'Dominique Jennings');
INSERT INTO ACTOR VALUES (1457,'Christopher John Fields');
INSERT INTO ACTOR VALUES (2189,'Don  Henderson (II)');
INSERT INTO ACTOR VALUES (106,'Alan Polonsky');
INSERT INTO ACTOR VALUES (8961,'Whitby Hertford');
INSERT INTO ACTOR VALUES (7994,'Shirley Henderson');
INSERT INTO ACTOR VALUES (5102,'Lamont Arnold');
INSERT INTO ACTOR VALUES (45,'Adrienne Corri');
INSERT INTO ACTOR VALUES (1621,'Courtney Gains');
INSERT INTO ACTOR VALUES (4213,'Joe Savino');
INSERT INTO ACTOR VALUES (47,'Afemo Omilami');
INSERT INTO ACTOR VALUES (2432,'Edward Bunker');
INSERT INTO ACTOR VALUES (3161,'Greg Collins');
INSERT INTO ACTOR VALUES (1704,'Dan Stanton');
INSERT INTO ACTOR VALUES (2433,'Edward Furlong');
INSERT INTO ACTOR VALUES (1462,'Christopher Lloyd');
INSERT INTO ACTOR VALUES (4216,'Joe Spano');
INSERT INTO ACTOR VALUES (1625,'Craig  Kelly (II)');
INSERT INTO ACTOR VALUES (1464,'Christopher Malcolm');
INSERT INTO ACTOR VALUES (5109,'Lance Henriksen');
INSERT INTO ACTOR VALUES (1467,'Christopher Meloni');
INSERT INTO ACTOR VALUES (2196,'Don Blakely');
INSERT INTO ACTOR VALUES (2358,'Earl Boen');
INSERT INTO ACTOR VALUES (2197,'Don Brockett');
INSERT INTO ACTOR VALUES (8971,'Will Hare');
INSERT INTO ACTOR VALUES (8978,'Will Sampson');
INSERT INTO ACTOR VALUES (8979,'Will Smith');
INSERT INTO ACTOR VALUES (8899,'Walter von Huene');
INSERT INTO ACTOR VALUES (4221,'Joe Turkel');
INSERT INTO ACTOR VALUES (6005,'Michael Burgess');
INSERT INTO ACTOR VALUES (2441,'Edward James Olmos');
INSERT INTO ACTOR VALUES (6006,'Michael Byrne');
INSERT INTO ACTOR VALUES (3333,'Heidi Schanz');
INSERT INTO ACTOR VALUES (4143,'Joanna Cassidy');
INSERT INTO ACTOR VALUES (1634,'Crispin Glover');
INSERT INTO ACTOR VALUES (1474,'Christopher Plummer');
INSERT INTO ACTOR VALUES (1556,'Clint Howard');
INSERT INTO ACTOR VALUES (1394,'Chris Ellis');
INSERT INTO ACTOR VALUES (1639,'Cully Fredricksen');
INSERT INTO ACTOR VALUES (1559,'Clive Merrison');
INSERT INTO ACTOR VALUES (121,'Albert Hall');
INSERT INTO ACTOR VALUES (1479,'Christopher Walken');
INSERT INTO ACTOR VALUES (8983,'Willem Dafoe');
INSERT INTO ACTOR VALUES (5200,'Lee Golden');
INSERT INTO ACTOR VALUES (5040,'Kimberly Beck');
INSERT INTO ACTOR VALUES (3340,'Helen Horton');
INSERT INTO ACTOR VALUES (5203,'Lee McCain');
INSERT INTO ACTOR VALUES (1640,'Curt Bois');
INSERT INTO ACTOR VALUES (1560,'Clive Revill');
INSERT INTO ACTOR VALUES (3506,'Irma St. Paule');
INSERT INTO ACTOR VALUES (5126,'Larry Brandenburg');
INSERT INTO ACTOR VALUES (1806,'Daryl Hannah');
INSERT INTO ACTOR VALUES (3426,'Howard Platt');
INSERT INTO ACTOR VALUES (5046,'Kiran Shah');
INSERT INTO ACTOR VALUES (5208,'Lee Ross');
INSERT INTO ACTOR VALUES (2536,'Elsa Raven');
INSERT INTO ACTOR VALUES (5048,'Kirk Baltz');
INSERT INTO ACTOR VALUES (2538,'Elston Ridgle');
INSERT INTO ACTOR VALUES (4239,'Joey Perillo');
INSERT INTO ACTOR VALUES (2377,'Ed Harris');
INSERT INTO ACTOR VALUES (1486,'Chuck Aber');
INSERT INTO ACTOR VALUES (210,'Alison Waddell');
INSERT INTO ACTOR VALUES (1569,'Colette Hiller');
INSERT INTO ACTOR VALUES (134,'Alec Guinness');
INSERT INTO ACTOR VALUES (6100,'Michael Palin');
INSERT INTO ACTOR VALUES (4320,'John Bennett Perry');
INSERT INTO ACTOR VALUES (6023,'Michael Culver');
INSERT INTO ACTOR VALUES (74,'Al Martino');
INSERT INTO ACTOR VALUES (75,'Al Matthews');
INSERT INTO ACTOR VALUES (3270,'Harris Savides');
INSERT INTO ACTOR VALUES (5052,'Kirk Ward');
INSERT INTO ACTOR VALUES (2705,'Frances  Fisher (I)');
INSERT INTO ACTOR VALUES (77,'Al Pacino');
INSERT INTO ACTOR VALUES (3272,'Harrison Ford');
INSERT INTO ACTOR VALUES (6108,'Michael Reid MacKay');
INSERT INTO ACTOR VALUES (3192,'Gregory Sporleder');
INSERT INTO ACTOR VALUES (4164,'Jodie Foster');
INSERT INTO ACTOR VALUES (4407,'John Horton');
INSERT INTO ACTOR VALUES (1574,'Colin Firth');
INSERT INTO ACTOR VALUES (2547,'Emily Ann Lloyd');
INSERT INTO ACTOR VALUES (3519,'Ishaq Bux');
INSERT INTO ACTOR VALUES (4168,'Joe Alaskey');
INSERT INTO ACTOR VALUES (220,'Allan Kolman');
INSERT INTO ACTOR VALUES (146,'Alex Coleman');
INSERT INTO ACTOR VALUES (5220,'Leib Lensky');
INSERT INTO ACTOR VALUES (6031,'Michael Dorn');
INSERT INTO ACTOR VALUES (2710,'Frances McDormand');
INSERT INTO ACTOR VALUES (4411,'John Hurt');
INSERT INTO ACTOR VALUES (4331,'John C. McGinley');
INSERT INTO ACTOR VALUES (3603,'Jack Nicholson');
INSERT INTO ACTOR VALUES (7006,'Quentin Tarantino');
INSERT INTO ACTOR VALUES (1822,'David  Andrews (I)');
INSERT INTO ACTOR VALUES (5305,'Liisa Repo-Martell');
INSERT INTO ACTOR VALUES (1580,'Colleen Camp');
INSERT INTO ACTOR VALUES (3443,'Hugh Ross');
INSERT INTO ACTOR VALUES (1824,'David  Brisbin (I)');
INSERT INTO ACTOR VALUES (4335,'John Capodice');
INSERT INTO ACTOR VALUES (6037,'Michael Ensign');
INSERT INTO ACTOR VALUES (3526,'Ivy Bethune');
INSERT INTO ACTOR VALUES (5227,'Leland Orser');
INSERT INTO ACTOR VALUES (2555,'Endre Hules');
INSERT INTO ACTOR VALUES (3284,'Harry Connick Jr.');
INSERT INTO ACTOR VALUES (4337,'John Carroll Lynch');
INSERT INTO ACTOR VALUES (4418,'John Kavanagh');
INSERT INTO ACTOR VALUES (2718,'Franco Citti');
INSERT INTO ACTOR VALUES (2475,'Eleanor Clift');
INSERT INTO ACTOR VALUES (3285,'Harry Dean Stanton');
INSERT INTO ACTOR VALUES (3528,'J’rgen Prochnow');
INSERT INTO ACTOR VALUES (3609,'Jack Purvis');
INSERT INTO ACTOR VALUES (5067,'Kristin Scott Thomas');
INSERT INTO ACTOR VALUES (2557,'Ennalls Berl');
INSERT INTO ACTOR VALUES (3448,'Humphrey Bogart');
INSERT INTO ACTOR VALUES (1748,'Daniel Zacapa');
INSERT INTO ACTOR VALUES (1586,'Connie Booth');
INSERT INTO ACTOR VALUES (4097,'Jim Meskimen');
INSERT INTO ACTOR VALUES (1749,'Daniel von Bargen');
INSERT INTO ACTOR VALUES (156,'Alex Norton');
INSERT INTO ACTOR VALUES (157,'Alex Rocco');
INSERT INTO ACTOR VALUES (7010,'R. Lee Ermey');
INSERT INTO ACTOR VALUES (6201,'Mike Jolly');
INSERT INTO ACTOR VALUES (3611,'Jack Shearer');
INSERT INTO ACTOR VALUES (4340,'John Cassini');
INSERT INTO ACTOR VALUES (6123,'Michael Sheard');
INSERT INTO ACTOR VALUES (4341,'John Cazale');
INSERT INTO ACTOR VALUES (4422,'John Laughlin');
INSERT INTO ACTOR VALUES (3613,'Jack Thibeau');
INSERT INTO ACTOR VALUES (5233,'Lennie Loftin');
INSERT INTO ACTOR VALUES (4424,'John Lees');
INSERT INTO ACTOR VALUES (5154,'Laura Dern');
INSERT INTO ACTOR VALUES (5235,'Lenny Montana');
INSERT INTO ACTOR VALUES (6208,'Mike Muscat');
INSERT INTO ACTOR VALUES (6127,'Michael Sottile');
INSERT INTO ACTOR VALUES (2563,'Eric Braeden');
INSERT INTO ACTOR VALUES (4345,'John Cleese');
INSERT INTO ACTOR VALUES (2726,'Frank  Marshall (I)');
INSERT INTO ACTOR VALUES (2645,'Ewan McGregor');
INSERT INTO ACTOR VALUES (3455,'Ian Bannen');
INSERT INTO ACTOR VALUES (4184,'Joe Fowler');
INSERT INTO ACTOR VALUES (4265,'John  Hollis (I)');
INSERT INTO ACTOR VALUES (4346,'John Clive');
INSERT INTO ACTOR VALUES (4508,'John Short');
INSERT INTO ACTOR VALUES (2727,'Frank  Miller (I)');
INSERT INTO ACTOR VALUES (2646,'Ewan Stewart');
INSERT INTO ACTOR VALUES (3294,'Harry Northup');
INSERT INTO ACTOR VALUES (2647,'Ewen Bremner');
INSERT INTO ACTOR VALUES (1837,'David  Morse (I)');
INSERT INTO ACTOR VALUES (2567,'Eric Clark');
INSERT INTO ACTOR VALUES (1838,'David  Pressman (I)');
INSERT INTO ACTOR VALUES (3297,'Harry Waters Jr.');
INSERT INTO ACTOR VALUES (244,'Alonzo Brown');
INSERT INTO ACTOR VALUES (406,'Anne Fletcher');
INSERT INTO ACTOR VALUES (246,'Alun Armstrong');
INSERT INTO ACTOR VALUES (7100,'Ray McKinnon');
INSERT INTO ACTOR VALUES (4510,'John Spencer');
INSERT INTO ACTOR VALUES (7022,'Rachel Schadt');
INSERT INTO ACTOR VALUES (3703,'James Duval');
INSERT INTO ACTOR VALUES (5161,'Laura Lovelace');
INSERT INTO ACTOR VALUES (5323,'Linda Hamilton');
INSERT INTO ACTOR VALUES (2570,'Eric Idle');
INSERT INTO ACTOR VALUES (1841,'David  Warner (I)');
INSERT INTO ACTOR VALUES (3704,'James Earl Jones');
INSERT INTO ACTOR VALUES (6216,'Miko Hughes');
INSERT INTO ACTOR VALUES (6054,'Michael Gover');
INSERT INTO ACTOR VALUES (3462,'Ian Holm');
INSERT INTO ACTOR VALUES (3463,'Ian Liston');
INSERT INTO ACTOR VALUES (4435,'John M. Mathews');
INSERT INTO ACTOR VALUES (4516,'John Storey');
INSERT INTO ACTOR VALUES (2816,'Frederic Forrest');
INSERT INTO ACTOR VALUES (1763,'Danny Darst');
INSERT INTO ACTOR VALUES (1682,'Damien Leake');
INSERT INTO ACTOR VALUES (2817,'Frederic W. Barnes');
INSERT INTO ACTOR VALUES (1764,'Danny DeVito');
INSERT INTO ACTOR VALUES (5328,'Linda Kaye');
INSERT INTO ACTOR VALUES (3547,'J.J. Cohen');
INSERT INTO ACTOR VALUES (5329,'Linda Kerns');
INSERT INTO ACTOR VALUES (4278,'John  McLaughlin (I)');
INSERT INTO ACTOR VALUES (5169,'Lauren Roselli');
INSERT INTO ACTOR VALUES (257,'Amanda Plummer');
INSERT INTO ACTOR VALUES (258,'Amanda Walker');
INSERT INTO ACTOR VALUES (7112,'Raymond Coulthard');
INSERT INTO ACTOR VALUES (6140,'Michael Winther');
INSERT INTO ACTOR VALUES (4520,'John Travolta');
INSERT INTO ACTOR VALUES (2820,'Frederick Strother');
INSERT INTO ACTOR VALUES (2740,'Frank Cavestani');
INSERT INTO ACTOR VALUES (4441,'John Marley');
INSERT INTO ACTOR VALUES (2903,'Gary Lee Davis');
INSERT INTO ACTOR VALUES (1932,'David Proval');
INSERT INTO ACTOR VALUES (1851,'David Bowe');
INSERT INTO ACTOR VALUES (4281,'John  Morton (I)');
INSERT INTO ACTOR VALUES (7117,'Raymond O''Connor');
INSERT INTO ACTOR VALUES (2581,'Eric Stoltz');
INSERT INTO ACTOR VALUES (1933,'David Prowse');
INSERT INTO ACTOR VALUES (5173,'Laurence Fishburne');
INSERT INTO ACTOR VALUES (6065,'Michael J. Fox');
INSERT INTO ACTOR VALUES (4526,'John Voldstad');
INSERT INTO ACTOR VALUES (1692,'Dan Butler');
INSERT INTO ACTOR VALUES (4527,'John Walcutt');
INSERT INTO ACTOR VALUES (6068,'Michael Jace');
INSERT INTO ACTOR VALUES (1776,'Danny Nucci');
INSERT INTO ACTOR VALUES (1695,'Dan Hedaya');
INSERT INTO ACTOR VALUES (5259,'Leonard Rossiter');
INSERT INTO ACTOR VALUES (2588,'Erik Holland');
INSERT INTO ACTOR VALUES (1697,'Dan Lauria');
INSERT INTO ACTOR VALUES (503,'Ariana Richards');
INSERT INTO ACTOR VALUES (261,'Amber Waddell');
INSERT INTO ACTOR VALUES (180,'Alexis Arquette');
INSERT INTO ACTOR VALUES (424,'Annette Helde');
INSERT INTO ACTOR VALUES (427,'Annie Golden');
INSERT INTO ACTOR VALUES (184,'Alfonso Freeman');
INSERT INTO ACTOR VALUES (185,'Alfre Woodard');
INSERT INTO ACTOR VALUES (189,'Alfred Molina');
INSERT INTO ACTOR VALUES (8011,'Sigourney Weaver');
INSERT INTO ACTOR VALUES (6310,'Mykelti Williamson');
INSERT INTO ACTOR VALUES (5501,'M. Emmet Walsh');
INSERT INTO ACTOR VALUES (7203,'Richard Attenborough');
INSERT INTO ACTOR VALUES (7122,'Read Morgan');
INSERT INTO ACTOR VALUES (2911,'Gary Riley');
INSERT INTO ACTOR VALUES (4612,'Josef Pilato');
INSERT INTO ACTOR VALUES (8015,'Simon  Jones (I)');
INSERT INTO ACTOR VALUES (7043,'Ralph Fiennes');
INSERT INTO ACTOR VALUES (3722,'James Hong');
INSERT INTO ACTOR VALUES (4370,'John Dullaghan');
INSERT INTO ACTOR VALUES (2913,'Gary Sinise');
INSERT INTO ACTOR VALUES (2751,'Frank Gorshin');
INSERT INTO ACTOR VALUES (1941,'David S. Lomax');
INSERT INTO ACTOR VALUES (3561,'Jack  Ford (III)');
INSERT INTO ACTOR VALUES (3804,'Jane Jenkins');
INSERT INTO ACTOR VALUES (5181,'Lawrence Bender');
INSERT INTO ACTOR VALUES (3563,'Jack  McKenzie (I)');
INSERT INTO ACTOR VALUES (4373,'John Enos');
INSERT INTO ACTOR VALUES (1782,'Dant‰ McCarthy');
INSERT INTO ACTOR VALUES (3564,'Jack  Moore (IV)');
INSERT INTO ACTOR VALUES (2917,'Gates McFadden');
INSERT INTO ACTOR VALUES (3727,'James Kisicki');
INSERT INTO ACTOR VALUES (5185,'Lawrence T. Wrentz');
INSERT INTO ACTOR VALUES (5266,'Leonardo DiCaprio');
INSERT INTO ACTOR VALUES (5186,'Lawrence Tierney');
INSERT INTO ACTOR VALUES (5267,'Leonid Kinskey');
INSERT INTO ACTOR VALUES (5348,'Lisa Freeman');
INSERT INTO ACTOR VALUES (4297,'John  Young (I)');
INSERT INTO ACTOR VALUES (2759,'Frank Medrano');
INSERT INTO ACTOR VALUES (2679,'Finlay Welsh');
INSERT INTO ACTOR VALUES (3489,'Ingo Neuhaus');
INSERT INTO ACTOR VALUES (515,'Arnold Schwarzenegger');
INSERT INTO ACTOR VALUES (355,'Angus MacInnes');
INSERT INTO CASTING(ACTORID,MOVIEID,ORDINAL) VALUES (8036,910,7);
INSERT INTO CASTING(ACTORID,MOVIEID,ORDINAL) VALUES (8036,39,7);
--INSERT INTO CASTING(ACTORID,MOVIEID,ORDINAL) VALUES (515,1,1);
--INSERT INTO CASTING(ACTORID,MOVIEID,ORDINAL) VALUES (515,2,1);
--INSERT INTO CASTING(ACTORID,MOVIEID,ORDINAL) VALUES (515,4,1);
--INSERT INTO CASTING(ACTORID,MOVIEID,ORDINAL) VALUES (515,5,1);
--INSERT INTO CASTING(ACTORID,MOVIEID,ORDINAL) VALUES (515,6,1);
--INSERT INTO CASTING(ACTORID,MOVIEID,ORDINAL) VALUES (515,7,1);
--INSERT INTO CASTING(ACTORID,MOVIEID,ORDINAL) VALUES (515,8,1);
--INSERT INTO CASTING(ACTORID,MOVIEID,ORDINAL) VALUES (515,16,1);
--INSERT INTO CASTING(ACTORID,MOVIEID,ORDINAL) VALUES (515,39,1);
--INSERT INTO CASTING(ACTORID,MOVIEID,ORDINAL) VALUES (515,263,1);
--INSERT INTO CASTING(ACTORID,MOVIEID,ORDINAL) VALUES (515,746,1);
INSERT INTO CASTING(ACTORID,MOVIEID,ORDINAL) VALUES (515,16,1);
INSERT INTO CASTING(ACTORID,MOVIEID,ORDINAL) VALUES (515,39,1);
INSERT INTO CASTING(ACTORID,MOVIEID,ORDINAL) VALUES (515,48,1);
INSERT INTO CASTING(ACTORID,MOVIEID,ORDINAL) VALUES (515,94,1);
INSERT INTO CASTING(ACTORID,MOVIEID,ORDINAL) VALUES (515,180,1);
INSERT INTO CASTING(ACTORID,MOVIEID,ORDINAL) VALUES (515,263,1);
INSERT INTO CASTING(ACTORID,MOVIEID,ORDINAL) VALUES (515,321,1);
INSERT INTO CASTING(ACTORID,MOVIEID,ORDINAL) VALUES (515,334,1);
INSERT INTO CASTING(ACTORID,MOVIEID,ORDINAL) VALUES (515,410,38);
INSERT INTO CASTING(ACTORID,MOVIEID,ORDINAL) VALUES (515,440,1);
INSERT INTO CASTING(ACTORID,MOVIEID,ORDINAL) VALUES (515,471,1);
INSERT INTO CASTING(ACTORID,MOVIEID,ORDINAL) VALUES (515,629,1);
INSERT INTO CASTING(ACTORID,MOVIEID,ORDINAL) VALUES (515,746,1);
INSERT INTO CASTING(ACTORID,MOVIEID,ORDINAL) VALUES (515,932,1);
INSERT INTO CASTING(ACTORID,MOVIEID,ORDINAL) VALUES (515,960,1);
INSERT INTO CASTING(ACTORID,MOVIEID,ORDINAL) VALUES (515,1106,1);
INSERT INTO CASTING(ACTORID,MOVIEID,ORDINAL) VALUES (515,1339,1);
INSERT INTO CASTING(ACTORID,MOVIEID,ORDINAL) VALUES (515,1551,1);
INSERT INTO CASTING(ACTORID,MOVIEID,ORDINAL) VALUES (515,1622,1);
INSERT INTO CASTING(ACTORID,MOVIEID,ORDINAL) VALUES (515,1644,2);
INSERT INTO CASTING(ACTORID,MOVIEID,ORDINAL) VALUES (7975,793,2);
INSERT INTO CASTING(ACTORID,MOVIEID,ORDINAL) VALUES (7975,910,1);
INSERT INTO CASTING(ACTORID,MOVIEID,ORDINAL) VALUES (7975,975,3);
INSERT INTO CASTING(ACTORID,MOVIEID,ORDINAL) VALUES (7975,1353,2);
INSERT INTO CASTING(ACTORID,MOVIEID,ORDINAL) VALUES (12,16,39);
INSERT INTO CASTING(ACTORID,MOVIEID,ORDINAL) VALUES (13,23,11);
INSERT INTO CASTING(ACTORID,MOVIEID,ORDINAL) VALUES (19,8,11);
INSERT INTO CASTING(ACTORID,MOVIEID,ORDINAL) VALUES (30,19,16);
INSERT INTO CASTING(ACTORID,MOVIEID,ORDINAL) VALUES (38,14,28);
INSERT INTO CASTING(ACTORID,MOVIEID,ORDINAL) VALUES (45,31,6);
INSERT INTO CASTING(ACTORID,MOVIEID,ORDINAL) VALUES (47,12,53);
INSERT INTO CASTING(ACTORID,MOVIEID,ORDINAL) VALUES (74,23,16);
INSERT INTO CASTING(ACTORID,MOVIEID,ORDINAL) VALUES (75,13,9);
INSERT INTO CASTING(ACTORID,MOVIEID,ORDINAL) VALUES (77,23,2);
INSERT INTO CASTING(ACTORID,MOVIEID,ORDINAL) VALUES (106,13,19);
INSERT INTO CASTING(ACTORID,MOVIEID,ORDINAL) VALUES (121,28,5);
INSERT INTO CASTING(ACTORID,MOVIEID,ORDINAL) VALUES (134,1,5);
INSERT INTO CASTING(ACTORID,MOVIEID,ORDINAL) VALUES (134,6,10);
INSERT INTO CASTING(ACTORID,MOVIEID,ORDINAL) VALUES (146,14,42);
INSERT INTO CASTING(ACTORID,MOVIEID,ORDINAL) VALUES (156,5,27);
INSERT INTO CASTING(ACTORID,MOVIEID,ORDINAL) VALUES (157,23,22);
INSERT INTO CASTING(ACTORID,MOVIEID,ORDINAL) VALUES (180,2,43);
INSERT INTO CASTING(ACTORID,MOVIEID,ORDINAL) VALUES (184,7,21);
INSERT INTO CASTING(ACTORID,MOVIEID,ORDINAL) VALUES (184,24,25);
INSERT INTO CASTING(ACTORID,MOVIEID,ORDINAL) VALUES (185,19,8);
INSERT INTO CASTING(ACTORID,MOVIEID,ORDINAL) VALUES (189,10,7);
INSERT INTO CASTING(ACTORID,MOVIEID,ORDINAL) VALUES (197,19,10);
INSERT INTO CASTING(ACTORID,MOVIEID,ORDINAL) VALUES (210,4,53);
INSERT INTO CASTING(ACTORID,MOVIEID,ORDINAL) VALUES (220,24,20);
INSERT INTO CASTING(ACTORID,MOVIEID,ORDINAL) VALUES (244,34,4);
INSERT INTO CASTING(ACTORID,MOVIEID,ORDINAL) VALUES (246,5,24);
INSERT INTO CASTING(ACTORID,MOVIEID,ORDINAL) VALUES (257,2,2);
INSERT INTO CASTING(ACTORID,MOVIEID,ORDINAL) VALUES (258,33,39);
INSERT INTO CASTING(ACTORID,MOVIEID,ORDINAL) VALUES (261,4,54);
INSERT INTO CASTING(ACTORID,MOVIEID,ORDINAL) VALUES (290,14,44);
INSERT INTO CASTING(ACTORID,MOVIEID,ORDINAL) VALUES (355,1,19);
INSERT INTO CASTING(ACTORID,MOVIEID,ORDINAL) VALUES (406,4,96);
INSERT INTO CASTING(ACTORID,MOVIEID,ORDINAL) VALUES (424,19,24);
INSERT INTO CASTING(ACTORID,MOVIEID,ORDINAL) VALUES (427,21,58);
INSERT INTO CASTING(ACTORID,MOVIEID,ORDINAL) VALUES (440,21,23);
INSERT INTO CASTING(ACTORID,MOVIEID,ORDINAL) VALUES (445,10,19);
INSERT INTO CASTING(ACTORID,MOVIEID,ORDINAL) VALUES (446,26,46);
INSERT INTO CASTING(ACTORID,MOVIEID,ORDINAL) VALUES (447,8,65);
INSERT INTO CASTING(ACTORID,MOVIEID,ORDINAL) VALUES (448,1,6);
INSERT INTO CASTING(ACTORID,MOVIEID,ORDINAL) VALUES (448,6,5);
INSERT INTO CASTING(ACTORID,MOVIEID,ORDINAL) VALUES (456,26,59);
INSERT INTO CASTING(ACTORID,MOVIEID,ORDINAL) VALUES (457,14,6);
INSERT INTO CASTING(ACTORID,MOVIEID,ORDINAL) VALUES (458,10,9);
INSERT INTO CASTING(ACTORID,MOVIEID,ORDINAL) VALUES (459,14,11);
INSERT INTO CASTING(ACTORID,MOVIEID,ORDINAL) VALUES (478,31,18);
INSERT INTO CASTING(ACTORID,MOVIEID,ORDINAL) VALUES (503,32,9);
INSERT INTO CASTING(ACTORID,MOVIEID,ORDINAL) VALUES (545,30,55);
INSERT INTO CASTING(ACTORID,MOVIEID,ORDINAL) VALUES (555,31,13);
INSERT INTO CASTING(ACTORID,MOVIEID,ORDINAL) VALUES (565,30,52);
INSERT INTO CASTING(ACTORID,MOVIEID,ORDINAL) VALUES (576,32,7);
INSERT INTO CASTING(ACTORID,MOVIEID,ORDINAL) VALUES (590,13,22);
INSERT INTO CASTING(ACTORID,MOVIEID,ORDINAL) VALUES (612,4,80);
INSERT INTO CASTING(ACTORID,MOVIEID,ORDINAL) VALUES (618,5,22);
INSERT INTO CASTING(ACTORID,MOVIEID,ORDINAL) VALUES (643,18,10);
INSERT INTO CASTING(ACTORID,MOVIEID,ORDINAL) VALUES (653,30,36);
INSERT INTO CASTING(ACTORID,MOVIEID,ORDINAL) VALUES (663,30,13);
INSERT INTO CASTING(ACTORID,MOVIEID,ORDINAL) VALUES (671,9,3);
INSERT INTO CASTING(ACTORID,MOVIEID,ORDINAL) VALUES (687,4,27);
INSERT INTO CASTING(ACTORID,MOVIEID,ORDINAL) VALUES (692,4,6);
INSERT INTO CASTING(ACTORID,MOVIEID,ORDINAL) VALUES (694,5,46);
INSERT INTO CASTING(ACTORID,MOVIEID,ORDINAL) VALUES (703,9,32);
INSERT INTO CASTING(ACTORID,MOVIEID,ORDINAL) VALUES (712,15,17);
INSERT INTO CASTING(ACTORID,MOVIEID,ORDINAL) VALUES (745,21,10);
INSERT INTO CASTING(ACTORID,MOVIEID,ORDINAL) VALUES (750,7,43);
INSERT INTO CASTING(ACTORID,MOVIEID,ORDINAL) VALUES (764,14,45);
INSERT INTO CASTING(ACTORID,MOVIEID,ORDINAL) VALUES (769,28,31);
INSERT INTO CASTING(ACTORID,MOVIEID,ORDINAL) VALUES (794,4,10);
INSERT INTO CASTING(ACTORID,MOVIEID,ORDINAL) VALUES (794,13,6);
INSERT INTO CASTING(ACTORID,MOVIEID,ORDINAL) VALUES (794,30,3);
INSERT INTO CASTING(ACTORID,MOVIEID,ORDINAL) VALUES (795,8,2);
INSERT INTO CASTING(ACTORID,MOVIEID,ORDINAL) VALUES (797,10,13);
INSERT INTO CASTING(ACTORID,MOVIEID,ORDINAL) VALUES (800,8,18);
INSERT INTO CASTING(ACTORID,MOVIEID,ORDINAL) VALUES (823,15,13);
INSERT INTO CASTING(ACTORID,MOVIEID,ORDINAL) VALUES (826,6,4);
INSERT INTO CASTING(ACTORID,MOVIEID,ORDINAL) VALUES (827,26,31);
INSERT INTO CASTING(ACTORID,MOVIEID,ORDINAL) VALUES (838,4,3);
INSERT INTO CASTING(ACTORID,MOVIEID,ORDINAL) VALUES (838,25,14);
INSERT INTO CASTING(ACTORID,MOVIEID,ORDINAL) VALUES (844,13,21);
INSERT INTO CASTING(ACTORID,MOVIEID,ORDINAL) VALUES (859,24,15);
INSERT INTO CASTING(ACTORID,MOVIEID,ORDINAL) VALUES (863,32,5);
INSERT INTO CASTING(ACTORID,MOVIEID,ORDINAL) VALUES (864,21,7);
INSERT INTO CASTING(ACTORID,MOVIEID,ORDINAL) VALUES (877,7,3);
INSERT INTO CASTING(ACTORID,MOVIEID,ORDINAL) VALUES (878,12,45);
INSERT INTO CASTING(ACTORID,MOVIEID,ORDINAL) VALUES (893,12,10);
INSERT INTO CASTING(ACTORID,MOVIEID,ORDINAL) VALUES (912,26,12);
INSERT INTO CASTING(ACTORID,MOVIEID,ORDINAL) VALUES (927,34,30);
INSERT INTO CASTING(ACTORID,MOVIEID,ORDINAL) VALUES (931,21,18);
INSERT INTO CASTING(ACTORID,MOVIEID,ORDINAL) VALUES (931,24,4);
INSERT INTO CASTING(ACTORID,MOVIEID,ORDINAL) VALUES (959,2,26);
INSERT INTO CASTING(ACTORID,MOVIEID,ORDINAL) VALUES (964,26,15);
INSERT INTO CASTING(ACTORID,MOVIEID,ORDINAL) VALUES (967,5,6);
INSERT INTO CASTING(ACTORID,MOVIEID,ORDINAL) VALUES (970,14,40);
INSERT INTO CASTING(ACTORID,MOVIEID,ORDINAL) VALUES (972,8,12);
INSERT INTO CASTING(ACTORID,MOVIEID,ORDINAL) VALUES (972,19,3);
INSERT INTO CASTING(ACTORID,MOVIEID,ORDINAL) VALUES (975,30,10);
INSERT INTO CASTING(ACTORID,MOVIEID,ORDINAL) VALUES (976,12,33);
INSERT INTO CASTING(ACTORID,MOVIEID,ORDINAL) VALUES (977,5,19);
INSERT INTO CASTING(ACTORID,MOVIEID,ORDINAL) VALUES (984,7,53);
INSERT INTO CASTING(ACTORID,MOVIEID,ORDINAL) VALUES (989,7,34);
INSERT INTO CASTING(ACTORID,MOVIEID,ORDINAL) VALUES (1000,7,12);
INSERT INTO CASTING(ACTORID,MOVIEID,ORDINAL) VALUES (1001,30,50);
INSERT INTO CASTING(ACTORID,MOVIEID,ORDINAL) VALUES (1022,6,37);
INSERT INTO CASTING(ACTORID,MOVIEID,ORDINAL) VALUES (1025,3,8);
INSERT INTO CASTING(ACTORID,MOVIEID,ORDINAL) VALUES (1033,2,12);
INSERT INTO CASTING(ACTORID,MOVIEID,ORDINAL) VALUES (1038,14,17);
INSERT INTO CASTING(ACTORID,MOVIEID,ORDINAL) VALUES (1045,30,71);
INSERT INTO CASTING(ACTORID,MOVIEID,ORDINAL) VALUES (1050,6,25);
INSERT INTO CASTING(ACTORID,MOVIEID,ORDINAL) VALUES (1051,20,22);
INSERT INTO CASTING(ACTORID,MOVIEID,ORDINAL) VALUES (1060,21,15);
INSERT INTO CASTING(ACTORID,MOVIEID,ORDINAL) VALUES (1071,2,9);
INSERT INTO CASTING(ACTORID,MOVIEID,ORDINAL) VALUES (1071,21,2);
INSERT INTO CASTING(ACTORID,MOVIEID,ORDINAL) VALUES (1084,26,64);
INSERT INTO CASTING(ACTORID,MOVIEID,ORDINAL) VALUES (1098,6,38);
INSERT INTO CASTING(ACTORID,MOVIEID,ORDINAL) VALUES (1099,2,8);
INSERT INTO CASTING(ACTORID,MOVIEID,ORDINAL) VALUES (1099,27,23);
INSERT INTO CASTING(ACTORID,MOVIEID,ORDINAL) VALUES (1110,14,50);
INSERT INTO CASTING(ACTORID,MOVIEID,ORDINAL) VALUES (1113,12,71);
INSERT INTO CASTING(ACTORID,MOVIEID,ORDINAL) VALUES (1120,19,26);
INSERT INTO CASTING(ACTORID,MOVIEID,ORDINAL) VALUES (1136,32,14);
INSERT INTO CASTING(ACTORID,MOVIEID,ORDINAL) VALUES (1139,4,31);
INSERT INTO CASTING(ACTORID,MOVIEID,ORDINAL) VALUES (1155,9,12);
INSERT INTO CASTING(ACTORID,MOVIEID,ORDINAL) VALUES (1159,31,7);
INSERT INTO CASTING(ACTORID,MOVIEID,ORDINAL) VALUES (1181,8,35);
INSERT INTO CASTING(ACTORID,MOVIEID,ORDINAL) VALUES (1199,18,8);
INSERT INTO CASTING(ACTORID,MOVIEID,ORDINAL) VALUES (1202,15,12);
INSERT INTO CASTING(ACTORID,MOVIEID,ORDINAL) VALUES (1222,1,3);
INSERT INTO CASTING(ACTORID,MOVIEID,ORDINAL) VALUES (1222,6,3);
INSERT INTO CASTING(ACTORID,MOVIEID,ORDINAL) VALUES (1224,15,1);
INSERT INTO CASTING(ACTORID,MOVIEID,ORDINAL) VALUES (1231,25,13);
INSERT INTO CASTING(ACTORID,MOVIEID,ORDINAL) VALUES (1236,9,30);
INSERT INTO CASTING(ACTORID,MOVIEID,ORDINAL) VALUES (1236,16,8);
INSERT INTO CASTING(ACTORID,MOVIEID,ORDINAL) VALUES (1280,16,42);
INSERT INTO CASTING(ACTORID,MOVIEID,ORDINAL) VALUES (1280,24,55);
INSERT INTO CASTING(ACTORID,MOVIEID,ORDINAL) VALUES (1323,14,34);
INSERT INTO CASTING(ACTORID,MOVIEID,ORDINAL) VALUES (1331,21,32);
INSERT INTO CASTING(ACTORID,MOVIEID,ORDINAL) VALUES (1345,4,26);
INSERT INTO CASTING(ACTORID,MOVIEID,ORDINAL) VALUES (1357,9,6);
INSERT INTO CASTING(ACTORID,MOVIEID,ORDINAL) VALUES (1394,30,23);
INSERT INTO CASTING(ACTORID,MOVIEID,ORDINAL) VALUES (1400,14,46);
INSERT INTO CASTING(ACTORID,MOVIEID,ORDINAL) VALUES (1406,27,4);
INSERT INTO CASTING(ACTORID,MOVIEID,ORDINAL) VALUES (1410,15,3);
INSERT INTO CASTING(ACTORID,MOVIEID,ORDINAL) VALUES (1413,30,9);
INSERT INTO CASTING(ACTORID,MOVIEID,ORDINAL) VALUES (1421,8,79);
INSERT INTO CASTING(ACTORID,MOVIEID,ORDINAL) VALUES (1423,9,15);
INSERT INTO CASTING(ACTORID,MOVIEID,ORDINAL) VALUES (1453,15,4);
INSERT INTO CASTING(ACTORID,MOVIEID,ORDINAL) VALUES (1457,30,39);
INSERT INTO CASTING(ACTORID,MOVIEID,ORDINAL) VALUES (1457,32,15);
INSERT INTO CASTING(ACTORID,MOVIEID,ORDINAL) VALUES (1462,25,2);
INSERT INTO CASTING(ACTORID,MOVIEID,ORDINAL) VALUES (1462,34,17);
INSERT INTO CASTING(ACTORID,MOVIEID,ORDINAL) VALUES (1464,6,26);
INSERT INTO CASTING(ACTORID,MOVIEID,ORDINAL) VALUES (1467,21,49);
INSERT INTO CASTING(ACTORID,MOVIEID,ORDINAL) VALUES (1474,21,45);
INSERT INTO CASTING(ACTORID,MOVIEID,ORDINAL) VALUES (1479,2,27);
INSERT INTO CASTING(ACTORID,MOVIEID,ORDINAL) VALUES (1486,14,21);
INSERT INTO CASTING(ACTORID,MOVIEID,ORDINAL) VALUES (1505,26,18);
INSERT INTO CASTING(ACTORID,MOVIEID,ORDINAL) VALUES (1515,7,5);
INSERT INTO CASTING(ACTORID,MOVIEID,ORDINAL) VALUES (1531,17,4);
INSERT INTO CASTING(ACTORID,MOVIEID,ORDINAL) VALUES (1556,30,12);
INSERT INTO CASTING(ACTORID,MOVIEID,ORDINAL) VALUES (1559,33,10);
INSERT INTO CASTING(ACTORID,MOVIEID,ORDINAL) VALUES (1560,6,15);
INSERT INTO CASTING(ACTORID,MOVIEID,ORDINAL) VALUES (1569,13,12);
INSERT INTO CASTING(ACTORID,MOVIEID,ORDINAL) VALUES (1574,33,6);
INSERT INTO CASTING(ACTORID,MOVIEID,ORDINAL) VALUES (1580,28,19);
INSERT INTO CASTING(ACTORID,MOVIEID,ORDINAL) VALUES (1586,18,7);
INSERT INTO CASTING(ACTORID,MOVIEID,ORDINAL) VALUES (1621,25,26);
INSERT INTO CASTING(ACTORID,MOVIEID,ORDINAL) VALUES (1625,4,45);
INSERT INTO CASTING(ACTORID,MOVIEID,ORDINAL) VALUES (1634,25,4);
INSERT INTO CASTING(ACTORID,MOVIEID,ORDINAL) VALUES (1639,19,31);
INSERT INTO CASTING(ACTORID,MOVIEID,ORDINAL) VALUES (1640,17,14);
INSERT INTO CASTING(ACTORID,MOVIEID,ORDINAL) VALUES (1682,28,24);
INSERT INTO CASTING(ACTORID,MOVIEID,ORDINAL) VALUES (1692,14,26);
INSERT INTO CASTING(ACTORID,MOVIEID,ORDINAL) VALUES (1695,9,10);
INSERT INTO CASTING(ACTORID,MOVIEID,ORDINAL) VALUES (1697,8,32);
INSERT INTO CASTING(ACTORID,MOVIEID,ORDINAL) VALUES (1704,16,28);
INSERT INTO CASTING(ACTORID,MOVIEID,ORDINAL) VALUES (1748,24,3);
INSERT INTO CASTING(ACTORID,MOVIEID,ORDINAL) VALUES (1749,14,47);
INSERT INTO CASTING(ACTORID,MOVIEID,ORDINAL) VALUES (1763,14,38);
INSERT INTO CASTING(ACTORID,MOVIEID,ORDINAL) VALUES (1764,34,7);
INSERT INTO CASTING(ACTORID,MOVIEID,ORDINAL) VALUES (1776,4,8);
INSERT INTO CASTING(ACTORID,MOVIEID,ORDINAL) VALUES (1776,26,17);
INSERT INTO CASTING(ACTORID,MOVIEID,ORDINAL) VALUES (1782,12,55);
INSERT INTO CASTING(ACTORID,MOVIEID,ORDINAL) VALUES (1806,3,6);
INSERT INTO CASTING(ACTORID,MOVIEID,ORDINAL) VALUES (1822,30,7);
INSERT INTO CASTING(ACTORID,MOVIEID,ORDINAL) VALUES (1824,12,37);
INSERT INTO CASTING(ACTORID,MOVIEID,ORDINAL) VALUES (1837,21,31);
INSERT INTO CASTING(ACTORID,MOVIEID,ORDINAL) VALUES (1837,26,5);
INSERT INTO CASTING(ACTORID,MOVIEID,ORDINAL) VALUES (1838,8,28);
INSERT INTO CASTING(ACTORID,MOVIEID,ORDINAL) VALUES (1841,4,9);
INSERT INTO CASTING(ACTORID,MOVIEID,ORDINAL) VALUES (1851,26,21);
INSERT INTO CASTING(ACTORID,MOVIEID,ORDINAL) VALUES (1875,14,43);
INSERT INTO CASTING(ACTORID,MOVIEID,ORDINAL) VALUES (1880,5,56);
INSERT INTO CASTING(ACTORID,MOVIEID,ORDINAL) VALUES (1889,25,40);
INSERT INTO CASTING(ACTORID,MOVIEID,ORDINAL) VALUES (1932,7,13);
INSERT INTO CASTING(ACTORID,MOVIEID,ORDINAL) VALUES (1933,1,9);
INSERT INTO CASTING(ACTORID,MOVIEID,ORDINAL) VALUES (1933,6,6);
INSERT INTO CASTING(ACTORID,MOVIEID,ORDINAL) VALUES (1933,31,25);
INSERT INTO CASTING(ACTORID,MOVIEID,ORDINAL) VALUES (1941,20,31);
INSERT INTO CASTING(ACTORID,MOVIEID,ORDINAL) VALUES (1950,27,12);
INSERT INTO CASTING(ACTORID,MOVIEID,ORDINAL) VALUES (1976,16,33);
INSERT INTO CASTING(ACTORID,MOVIEID,ORDINAL) VALUES (1977,32,17);
INSERT INTO CASTING(ACTORID,MOVIEID,ORDINAL) VALUES (1981,16,41);
INSERT INTO CASTING(ACTORID,MOVIEID,ORDINAL) VALUES (2034,34,28);
INSERT INTO CASTING(ACTORID,MOVIEID,ORDINAL) VALUES (2040,10,6);
INSERT INTO CASTING(ACTORID,MOVIEID,ORDINAL) VALUES (2044,1,16);
INSERT INTO CASTING(ACTORID,MOVIEID,ORDINAL) VALUES (2044,6,27);
INSERT INTO CASTING(ACTORID,MOVIEID,ORDINAL) VALUES (2052,16,45);
INSERT INTO CASTING(ACTORID,MOVIEID,ORDINAL) VALUES (2071,28,8);
INSERT INTO CASTING(ACTORID,MOVIEID,ORDINAL) VALUES (2089,8,73);
INSERT INTO CASTING(ACTORID,MOVIEID,ORDINAL) VALUES (2090,8,54);
INSERT INTO CASTING(ACTORID,MOVIEID,ORDINAL) VALUES (2111,14,31);
INSERT INTO CASTING(ACTORID,MOVIEID,ORDINAL) VALUES (2116,23,10);
INSERT INTO CASTING(ACTORID,MOVIEID,ORDINAL) VALUES (2121,16,37);
INSERT INTO CASTING(ACTORID,MOVIEID,ORDINAL) VALUES (2132,12,89);
INSERT INTO CASTING(ACTORID,MOVIEID,ORDINAL) VALUES (2146,12,80);
INSERT INTO CASTING(ACTORID,MOVIEID,ORDINAL) VALUES (2185,24,19);
INSERT INTO CASTING(ACTORID,MOVIEID,ORDINAL) VALUES (2189,1,22);
INSERT INTO CASTING(ACTORID,MOVIEID,ORDINAL) VALUES (2196,2,33);
INSERT INTO CASTING(ACTORID,MOVIEID,ORDINAL) VALUES (2197,14,8);
INSERT INTO CASTING(ACTORID,MOVIEID,ORDINAL) VALUES (2203,10,11);
INSERT INTO CASTING(ACTORID,MOVIEID,ORDINAL) VALUES (2204,12,46);
INSERT INTO CASTING(ACTORID,MOVIEID,ORDINAL) VALUES (2204,19,33);
INSERT INTO CASTING(ACTORID,MOVIEID,ORDINAL) VALUES (2212,16,21);
INSERT INTO CASTING(ACTORID,MOVIEID,ORDINAL) VALUES (2217,7,35);
INSERT INTO CASTING(ACTORID,MOVIEID,ORDINAL) VALUES (2229,16,27);
INSERT INTO CASTING(ACTORID,MOVIEID,ORDINAL) VALUES (2230,19,30);
INSERT INTO CASTING(ACTORID,MOVIEID,ORDINAL) VALUES (2233,5,36);
INSERT INTO CASTING(ACTORID,MOVIEID,ORDINAL) VALUES (2241,25,16);
INSERT INTO CASTING(ACTORID,MOVIEID,ORDINAL) VALUES (2254,7,36);
INSERT INTO CASTING(ACTORID,MOVIEID,ORDINAL) VALUES (2304,11,9);
INSERT INTO CASTING(ACTORID,MOVIEID,ORDINAL) VALUES (2323,24,57);
INSERT INTO CASTING(ACTORID,MOVIEID,ORDINAL) VALUES (2323,26,25);
INSERT INTO CASTING(ACTORID,MOVIEID,ORDINAL) VALUES (2340,26,44);
INSERT INTO CASTING(ACTORID,MOVIEID,ORDINAL) VALUES (2341,34,18);
INSERT INTO CASTING(ACTORID,MOVIEID,ORDINAL) VALUES (2358,16,5);
INSERT INTO CASTING(ACTORID,MOVIEID,ORDINAL) VALUES (2377,26,3);
INSERT INTO CASTING(ACTORID,MOVIEID,ORDINAL) VALUES (2377,30,5);
INSERT INTO CASTING(ACTORID,MOVIEID,ORDINAL) VALUES (2411,10,31);
INSERT INTO CASTING(ACTORID,MOVIEID,ORDINAL) VALUES (2432,27,9);
INSERT INTO CASTING(ACTORID,MOVIEID,ORDINAL) VALUES (2433,16,3);
INSERT INTO CASTING(ACTORID,MOVIEID,ORDINAL) VALUES (2441,3,4);
INSERT INTO CASTING(ACTORID,MOVIEID,ORDINAL) VALUES (2475,8,95);
INSERT INTO CASTING(ACTORID,MOVIEID,ORDINAL) VALUES (2536,4,49);
INSERT INTO CASTING(ACTORID,MOVIEID,ORDINAL) VALUES (2536,25,19);
INSERT INTO CASTING(ACTORID,MOVIEID,ORDINAL) VALUES (2538,8,60);
INSERT INTO CASTING(ACTORID,MOVIEID,ORDINAL) VALUES (2547,30,18);
INSERT INTO CASTING(ACTORID,MOVIEID,ORDINAL) VALUES (2555,24,12);
INSERT INTO CASTING(ACTORID,MOVIEID,ORDINAL) VALUES (2555,30,45);
INSERT INTO CASTING(ACTORID,MOVIEID,ORDINAL) VALUES (2557,16,20);
INSERT INTO CASTING(ACTORID,MOVIEID,ORDINAL) VALUES (2563,4,25);
INSERT INTO CASTING(ACTORID,MOVIEID,ORDINAL) VALUES (2567,2,20);
INSERT INTO CASTING(ACTORID,MOVIEID,ORDINAL) VALUES (2570,18,3);
INSERT INTO CASTING(ACTORID,MOVIEID,ORDINAL) VALUES (2581,2,14);
INSERT INTO CASTING(ACTORID,MOVIEID,ORDINAL) VALUES (2588,4,75);
INSERT INTO CASTING(ACTORID,MOVIEID,ORDINAL) VALUES (2645,22,1);
INSERT INTO CASTING(ACTORID,MOVIEID,ORDINAL) VALUES (2646,4,18);
INSERT INTO CASTING(ACTORID,MOVIEID,ORDINAL) VALUES (2647,22,2);
INSERT INTO CASTING(ACTORID,MOVIEID,ORDINAL) VALUES (2679,22,25);
INSERT INTO CASTING(ACTORID,MOVIEID,ORDINAL) VALUES (2705,4,5);
INSERT INTO CASTING(ACTORID,MOVIEID,ORDINAL) VALUES (2710,20,20);
INSERT INTO CASTING(ACTORID,MOVIEID,ORDINAL) VALUES (2718,23,33);
INSERT INTO CASTING(ACTORID,MOVIEID,ORDINAL) VALUES (2726,10,28);
INSERT INTO CASTING(ACTORID,MOVIEID,ORDINAL) VALUES (2727,11,10);
INSERT INTO CASTING(ACTORID,MOVIEID,ORDINAL) VALUES (2740,30,83);
INSERT INTO CASTING(ACTORID,MOVIEID,ORDINAL) VALUES (2751,21,22);
INSERT INTO CASTING(ACTORID,MOVIEID,ORDINAL) VALUES (2759,7,24);
INSERT INTO CASTING(ACTORID,MOVIEID,ORDINAL) VALUES (2759,9,21);
INSERT INTO CASTING(ACTORID,MOVIEID,ORDINAL) VALUES (2761,8,23);
INSERT INTO CASTING(ACTORID,MOVIEID,ORDINAL) VALUES (2764,6,9);
INSERT INTO CASTING(ACTORID,MOVIEID,ORDINAL) VALUES (2769,14,9);
INSERT INTO CASTING(ACTORID,MOVIEID,ORDINAL) VALUES (2778,2,7);
INSERT INTO CASTING(ACTORID,MOVIEID,ORDINAL) VALUES (2780,14,7);
INSERT INTO CASTING(ACTORID,MOVIEID,ORDINAL) VALUES (2816,28,4);
INSERT INTO CASTING(ACTORID,MOVIEID,ORDINAL) VALUES (2817,8,94);
INSERT INTO CASTING(ACTORID,MOVIEID,ORDINAL) VALUES (2820,21,20);
INSERT INTO CASTING(ACTORID,MOVIEID,ORDINAL) VALUES (2842,28,9);
INSERT INTO CASTING(ACTORID,MOVIEID,ORDINAL) VALUES (2845,9,2);
INSERT INTO CASTING(ACTORID,MOVIEID,ORDINAL) VALUES (2848,30,38);
INSERT INTO CASTING(ACTORID,MOVIEID,ORDINAL) VALUES (2864,1,17);
INSERT INTO CASTING(ACTORID,MOVIEID,ORDINAL) VALUES (2899,20,7);
INSERT INTO CASTING(ACTORID,MOVIEID,ORDINAL) VALUES (2903,7,29);
INSERT INTO CASTING(ACTORID,MOVIEID,ORDINAL) VALUES (2911,25,35);
INSERT INTO CASTING(ACTORID,MOVIEID,ORDINAL) VALUES (2913,12,3);
INSERT INTO CASTING(ACTORID,MOVIEID,ORDINAL) VALUES (2913,30,4);
INSERT INTO CASTING(ACTORID,MOVIEID,ORDINAL) VALUES (2917,19,6);
INSERT INTO CASTING(ACTORID,MOVIEID,ORDINAL) VALUES (2930,14,22);
INSERT INTO CASTING(ACTORID,MOVIEID,ORDINAL) VALUES (2930,24,22);
INSERT INTO CASTING(ACTORID,MOVIEID,ORDINAL) VALUES (2954,12,83);
INSERT INTO CASTING(ACTORID,MOVIEID,ORDINAL) VALUES (2954,30,31);
INSERT INTO CASTING(ACTORID,MOVIEID,ORDINAL) VALUES (2969,10,30);
INSERT INTO CASTING(ACTORID,MOVIEID,ORDINAL) VALUES (2970,12,9);
INSERT INTO CASTING(ACTORID,MOVIEID,ORDINAL) VALUES (2974,25,37);
INSERT INTO CASTING(ACTORID,MOVIEID,ORDINAL) VALUES (2979,35,2);
INSERT INTO CASTING(ACTORID,MOVIEID,ORDINAL) VALUES (2985,24,11);
INSERT INTO CASTING(ACTORID,MOVIEID,ORDINAL) VALUES (2990,25,9);
INSERT INTO CASTING(ACTORID,MOVIEID,ORDINAL) VALUES (3046,32,12);
INSERT INTO CASTING(ACTORID,MOVIEID,ORDINAL) VALUES (3052,16,25);
INSERT INTO CASTING(ACTORID,MOVIEID,ORDINAL) VALUES (3054,5,45);
INSERT INTO CASTING(ACTORID,MOVIEID,ORDINAL) VALUES (3067,9,9);
INSERT INTO CASTING(ACTORID,MOVIEID,ORDINAL) VALUES (3069,23,13);
INSERT INTO CASTING(ACTORID,MOVIEID,ORDINAL) VALUES (3100,35,12);
INSERT INTO CASTING(ACTORID,MOVIEID,ORDINAL) VALUES (3118,4,11);
INSERT INTO CASTING(ACTORID,MOVIEID,ORDINAL) VALUES (3121,31,14);
INSERT INTO CASTING(ACTORID,MOVIEID,ORDINAL) VALUES (3123,30,25);
INSERT INTO CASTING(ACTORID,MOVIEID,ORDINAL) VALUES (3125,7,20);
INSERT INTO CASTING(ACTORID,MOVIEID,ORDINAL) VALUES (3144,18,1);
INSERT INTO CASTING(ACTORID,MOVIEID,ORDINAL) VALUES (3156,25,39);
INSERT INTO CASTING(ACTORID,MOVIEID,ORDINAL) VALUES (3161,8,53);
INSERT INTO CASTING(ACTORID,MOVIEID,ORDINAL) VALUES (3161,26,14);
INSERT INTO CASTING(ACTORID,MOVIEID,ORDINAL) VALUES (3192,26,10);
INSERT INTO CASTING(ACTORID,MOVIEID,ORDINAL) VALUES (3216,16,26);
INSERT INTO CASTING(ACTORID,MOVIEID,ORDINAL) VALUES (3218,24,5);
INSERT INTO CASTING(ACTORID,MOVIEID,ORDINAL) VALUES (3227,35,15);
INSERT INTO CASTING(ACTORID,MOVIEID,ORDINAL) VALUES (3270,24,47);
INSERT INTO CASTING(ACTORID,MOVIEID,ORDINAL) VALUES (3272,1,2);
INSERT INTO CASTING(ACTORID,MOVIEID,ORDINAL) VALUES (3272,3,1);
INSERT INTO CASTING(ACTORID,MOVIEID,ORDINAL) VALUES (3272,6,2);
INSERT INTO CASTING(ACTORID,MOVIEID,ORDINAL) VALUES (3272,10,1);
INSERT INTO CASTING(ACTORID,MOVIEID,ORDINAL) VALUES (3272,28,10);
INSERT INTO CASTING(ACTORID,MOVIEID,ORDINAL) VALUES (3284,8,20);
INSERT INTO CASTING(ACTORID,MOVIEID,ORDINAL) VALUES (3285,29,4);
INSERT INTO CASTING(ACTORID,MOVIEID,ORDINAL) VALUES (3294,14,51);
INSERT INTO CASTING(ACTORID,MOVIEID,ORDINAL) VALUES (3297,25,15);
INSERT INTO CASTING(ACTORID,MOVIEID,ORDINAL) VALUES (3301,20,5);
INSERT INTO CASTING(ACTORID,MOVIEID,ORDINAL) VALUES (3304,8,10);
INSERT INTO CASTING(ACTORID,MOVIEID,ORDINAL) VALUES (3308,2,45);
INSERT INTO CASTING(ACTORID,MOVIEID,ORDINAL) VALUES (3308,27,1);
INSERT INTO CASTING(ACTORID,MOVIEID,ORDINAL) VALUES (3317,24,13);
INSERT INTO CASTING(ACTORID,MOVIEID,ORDINAL) VALUES (3333,24,49);
INSERT INTO CASTING(ACTORID,MOVIEID,ORDINAL) VALUES (3340,29,9);
INSERT INTO CASTING(ACTORID,MOVIEID,ORDINAL) VALUES (3426,26,38);
INSERT INTO CASTING(ACTORID,MOVIEID,ORDINAL) VALUES (3443,22,22);
INSERT INTO CASTING(ACTORID,MOVIEID,ORDINAL) VALUES (3448,17,1);
INSERT INTO CASTING(ACTORID,MOVIEID,ORDINAL) VALUES (3455,5,8);
INSERT INTO CASTING(ACTORID,MOVIEID,ORDINAL) VALUES (3462,29,6);
INSERT INTO CASTING(ACTORID,MOVIEID,ORDINAL) VALUES (3463,6,30);
INSERT INTO CASTING(ACTORID,MOVIEID,ORDINAL) VALUES (3489,26,35);
INSERT INTO CASTING(ACTORID,MOVIEID,ORDINAL) VALUES (3490,17,2);
INSERT INTO CASTING(ACTORID,MOVIEID,ORDINAL) VALUES (3506,21,12);
INSERT INTO CASTING(ACTORID,MOVIEID,ORDINAL) VALUES (3519,10,23);
INSERT INTO CASTING(ACTORID,MOVIEID,ORDINAL) VALUES (3526,25,21);
INSERT INTO CASTING(ACTORID,MOVIEID,ORDINAL) VALUES (3528,33,8);
INSERT INTO CASTING(ACTORID,MOVIEID,ORDINAL) VALUES (3547,25,12);
INSERT INTO CASTING(ACTORID,MOVIEID,ORDINAL) VALUES (3561,26,42);
INSERT INTO CASTING(ACTORID,MOVIEID,ORDINAL) VALUES (3563,6,32);
INSERT INTO CASTING(ACTORID,MOVIEID,ORDINAL) VALUES (3564,8,62);
INSERT INTO CASTING(ACTORID,MOVIEID,ORDINAL) VALUES (3580,30,69);
INSERT INTO CASTING(ACTORID,MOVIEID,ORDINAL) VALUES (3581,35,9);
INSERT INTO CASTING(ACTORID,MOVIEID,ORDINAL) VALUES (3603,34,21);
INSERT INTO CASTING(ACTORID,MOVIEID,ORDINAL) VALUES (3609,1,12);
INSERT INTO CASTING(ACTORID,MOVIEID,ORDINAL) VALUES (3609,6,12);
INSERT INTO CASTING(ACTORID,MOVIEID,ORDINAL) VALUES (3611,9,14);
INSERT INTO CASTING(ACTORID,MOVIEID,ORDINAL) VALUES (3611,19,17);
INSERT INTO CASTING(ACTORID,MOVIEID,ORDINAL) VALUES (3613,28,21);
INSERT INTO CASTING(ACTORID,MOVIEID,ORDINAL) VALUES (3668,28,14);
INSERT INTO CASTING(ACTORID,MOVIEID,ORDINAL) VALUES (3676,14,19);
INSERT INTO CASTING(ACTORID,MOVIEID,ORDINAL) VALUES (3682,23,3);
INSERT INTO CASTING(ACTORID,MOVIEID,ORDINAL) VALUES (3687,26,60);
INSERT INTO CASTING(ACTORID,MOVIEID,ORDINAL) VALUES (3691,5,12);
INSERT INTO CASTING(ACTORID,MOVIEID,ORDINAL) VALUES (3691,22,8);
INSERT INTO CASTING(ACTORID,MOVIEID,ORDINAL) VALUES (3695,19,9);
INSERT INTO CASTING(ACTORID,MOVIEID,ORDINAL) VALUES (3698,24,53);
INSERT INTO CASTING(ACTORID,MOVIEID,ORDINAL) VALUES (3703,8,13);
INSERT INTO CASTING(ACTORID,MOVIEID,ORDINAL) VALUES (3704,35,7);
INSERT INTO CASTING(ACTORID,MOVIEID,ORDINAL) VALUES (3722,3,11);
INSERT INTO CASTING(ACTORID,MOVIEID,ORDINAL) VALUES (3727,7,49);
INSERT INTO CASTING(ACTORID,MOVIEID,ORDINAL) VALUES (3731,4,48);
INSERT INTO CASTING(ACTORID,MOVIEID,ORDINAL) VALUES (3754,8,9);
INSERT INTO CASTING(ACTORID,MOVIEID,ORDINAL) VALUES (3757,30,41);
INSERT INTO CASTING(ACTORID,MOVIEID,ORDINAL) VALUES (3767,25,11);
INSERT INTO CASTING(ACTORID,MOVIEID,ORDINAL) VALUES (3772,7,8);
INSERT INTO CASTING(ACTORID,MOVIEID,ORDINAL) VALUES (3777,25,30);
INSERT INTO CASTING(ACTORID,MOVIEID,ORDINAL) VALUES (3791,8,43);
INSERT INTO CASTING(ACTORID,MOVIEID,ORDINAL) VALUES (3804,30,59);
INSERT INTO CASTING(ACTORID,MOVIEID,ORDINAL) VALUES (3832,4,17);
INSERT INTO CASTING(ACTORID,MOVIEID,ORDINAL) VALUES (3836,25,24);
INSERT INTO CASTING(ACTORID,MOVIEID,ORDINAL) VALUES (3841,25,22);
INSERT INTO CASTING(ACTORID,MOVIEID,ORDINAL) VALUES (3854,8,40);
INSERT INTO CASTING(ACTORID,MOVIEID,ORDINAL) VALUES (3896,30,21);
INSERT INTO CASTING(ACTORID,MOVIEID,ORDINAL) VALUES (3915,23,27);
INSERT INTO CASTING(ACTORID,MOVIEID,ORDINAL) VALUES (3932,8,3);
INSERT INTO CASTING(ACTORID,MOVIEID,ORDINAL) VALUES (3932,32,3);
INSERT INTO CASTING(ACTORID,MOVIEID,ORDINAL) VALUES (3941,25,28);
INSERT INTO CASTING(ACTORID,MOVIEID,ORDINAL) VALUES (3952,7,9);
INSERT INTO CASTING(ACTORID,MOVIEID,ORDINAL) VALUES (3968,4,30);
INSERT INTO CASTING(ACTORID,MOVIEID,ORDINAL) VALUES (3968,13,8);
INSERT INTO CASTING(ACTORID,MOVIEID,ORDINAL) VALUES (3968,16,10);
INSERT INTO CASTING(ACTORID,MOVIEID,ORDINAL) VALUES (4006,1,20);
INSERT INTO CASTING(ACTORID,MOVIEID,ORDINAL) VALUES (4020,8,96);
INSERT INTO CASTING(ACTORID,MOVIEID,ORDINAL) VALUES (4027,6,33);
INSERT INTO CASTING(ACTORID,MOVIEID,ORDINAL) VALUES (4038,28,11);
INSERT INTO CASTING(ACTORID,MOVIEID,ORDINAL) VALUES (4097,30,33);
INSERT INTO CASTING(ACTORID,MOVIEID,ORDINAL) VALUES (4101,16,24);
INSERT INTO CASTING(ACTORID,MOVIEID,ORDINAL) VALUES (4102,8,93);
INSERT INTO CASTING(ACTORID,MOVIEID,ORDINAL) VALUES (4103,14,16);
INSERT INTO CASTING(ACTORID,MOVIEID,ORDINAL) VALUES (4117,5,54);
INSERT INTO CASTING(ACTORID,MOVIEID,ORDINAL) VALUES (4143,3,10);
INSERT INTO CASTING(ACTORID,MOVIEID,ORDINAL) VALUES (4164,14,1);
INSERT INTO CASTING(ACTORID,MOVIEID,ORDINAL) VALUES (4168,12,95);
INSERT INTO CASTING(ACTORID,MOVIEID,ORDINAL) VALUES (4184,8,68);
INSERT INTO CASTING(ACTORID,MOVIEID,ORDINAL) VALUES (4201,16,6);
INSERT INTO CASTING(ACTORID,MOVIEID,ORDINAL) VALUES (4213,5,55);
INSERT INTO CASTING(ACTORID,MOVIEID,ORDINAL) VALUES (4216,30,16);
INSERT INTO CASTING(ACTORID,MOVIEID,ORDINAL) VALUES (4221,3,9);
INSERT INTO CASTING(ACTORID,MOVIEID,ORDINAL) VALUES (4239,21,14);
INSERT INTO CASTING(ACTORID,MOVIEID,ORDINAL) VALUES (4265,6,11);
INSERT INTO CASTING(ACTORID,MOVIEID,ORDINAL) VALUES (4278,8,99);
INSERT INTO CASTING(ACTORID,MOVIEID,ORDINAL) VALUES (4281,6,29);
INSERT INTO CASTING(ACTORID,MOVIEID,ORDINAL) VALUES (4297,18,11);
INSERT INTO CASTING(ACTORID,MOVIEID,ORDINAL) VALUES (4320,8,36);
INSERT INTO CASTING(ACTORID,MOVIEID,ORDINAL) VALUES (4331,24,26);
INSERT INTO CASTING(ACTORID,MOVIEID,ORDINAL) VALUES (4331,26,9);
INSERT INTO CASTING(ACTORID,MOVIEID,ORDINAL) VALUES (4335,8,52);
INSERT INTO CASTING(ACTORID,MOVIEID,ORDINAL) VALUES (4337,20,21);
INSERT INTO CASTING(ACTORID,MOVIEID,ORDINAL) VALUES (4340,24,6);
INSERT INTO CASTING(ACTORID,MOVIEID,ORDINAL) VALUES (4341,23,14);
INSERT INTO CASTING(ACTORID,MOVIEID,ORDINAL) VALUES (4345,18,2);
INSERT INTO CASTING(ACTORID,MOVIEID,ORDINAL) VALUES (4346,31,5);
INSERT INTO CASTING(ACTORID,MOVIEID,ORDINAL) VALUES (4370,30,78);
INSERT INTO CASTING(ACTORID,MOVIEID,ORDINAL) VALUES (4373,26,61);
INSERT INTO CASTING(ACTORID,MOVIEID,ORDINAL) VALUES (4407,7,19);
INSERT INTO CASTING(ACTORID,MOVIEID,ORDINAL) VALUES (4411,29,5);
INSERT INTO CASTING(ACTORID,MOVIEID,ORDINAL) VALUES (4418,5,23);
INSERT INTO CASTING(ACTORID,MOVIEID,ORDINAL) VALUES (4422,26,36);
INSERT INTO CASTING(ACTORID,MOVIEID,ORDINAL) VALUES (4424,13,24);
INSERT INTO CASTING(ACTORID,MOVIEID,ORDINAL) VALUES (4435,30,84);
INSERT INTO CASTING(ACTORID,MOVIEID,ORDINAL) VALUES (4441,23,7);
INSERT INTO CASTING(ACTORID,MOVIEID,ORDINAL) VALUES (4461,5,41);
INSERT INTO CASTING(ACTORID,MOVIEID,ORDINAL) VALUES (4462,26,40);
INSERT INTO CASTING(ACTORID,MOVIEID,ORDINAL) VALUES (4482,17,12);
INSERT INTO CASTING(ACTORID,MOVIEID,ORDINAL) VALUES (4483,7,45);
INSERT INTO CASTING(ACTORID,MOVIEID,ORDINAL) VALUES (4486,6,31);
INSERT INTO CASTING(ACTORID,MOVIEID,ORDINAL) VALUES (4487,10,5);
INSERT INTO CASTING(ACTORID,MOVIEID,ORDINAL) VALUES (4497,31,17);
INSERT INTO CASTING(ACTORID,MOVIEID,ORDINAL) VALUES (4508,30,35);
INSERT INTO CASTING(ACTORID,MOVIEID,ORDINAL) VALUES (4510,26,4);
INSERT INTO CASTING(ACTORID,MOVIEID,ORDINAL) VALUES (4516,8,22);
INSERT INTO CASTING(ACTORID,MOVIEID,ORDINAL) VALUES (4520,2,4);
INSERT INTO CASTING(ACTORID,MOVIEID,ORDINAL) VALUES (4526,12,59);
INSERT INTO CASTING(ACTORID,MOVIEID,ORDINAL) VALUES (4527,4,56);
INSERT INTO CASTING(ACTORID,MOVIEID,ORDINAL) VALUES (4562,8,92);
INSERT INTO CASTING(ACTORID,MOVIEID,ORDINAL) VALUES (4567,21,3);
INSERT INTO CASTING(ACTORID,MOVIEID,ORDINAL) VALUES (4578,19,2);
INSERT INTO CASTING(ACTORID,MOVIEID,ORDINAL) VALUES (4580,4,7);
INSERT INTO CASTING(ACTORID,MOVIEID,ORDINAL) VALUES (4593,22,3);
INSERT INTO CASTING(ACTORID,MOVIEID,ORDINAL) VALUES (4594,32,18);
INSERT INTO CASTING(ACTORID,MOVIEID,ORDINAL) VALUES (4612,2,21);
INSERT INTO CASTING(ACTORID,MOVIEID,ORDINAL) VALUES (4630,32,8);
INSERT INTO CASTING(ACTORID,MOVIEID,ORDINAL) VALUES (4631,21,54);
INSERT INTO CASTING(ACTORID,MOVIEID,ORDINAL) VALUES (4633,26,34);
INSERT INTO CASTING(ACTORID,MOVIEID,ORDINAL) VALUES (4636,7,14);
INSERT INTO CASTING(ACTORID,MOVIEID,ORDINAL) VALUES (4662,34,9);
INSERT INTO CASTING(ACTORID,MOVIEID,ORDINAL) VALUES (4672,26,33);
INSERT INTO CASTING(ACTORID,MOVIEID,ORDINAL) VALUES (4677,8,5);
INSERT INTO CASTING(ACTORID,MOVIEID,ORDINAL) VALUES (4680,7,15);
INSERT INTO CASTING(ACTORID,MOVIEID,ORDINAL) VALUES (4708,2,46);
INSERT INTO CASTING(ACTORID,MOVIEID,ORDINAL) VALUES (4714,6,17);
INSERT INTO CASTING(ACTORID,MOVIEID,ORDINAL) VALUES (4720,33,7);
INSERT INTO CASTING(ACTORID,MOVIEID,ORDINAL) VALUES (4725,24,23);
INSERT INTO CASTING(ACTORID,MOVIEID,ORDINAL) VALUES (4733,30,81);
INSERT INTO CASTING(ACTORID,MOVIEID,ORDINAL) VALUES (4734,19,28);
INSERT INTO CASTING(ACTORID,MOVIEID,ORDINAL) VALUES (4748,33,2);
INSERT INTO CASTING(ACTORID,MOVIEID,ORDINAL) VALUES (4782,10,2);
INSERT INTO CASTING(ACTORID,MOVIEID,ORDINAL) VALUES (4789,2,36);
INSERT INTO CASTING(ACTORID,MOVIEID,ORDINAL) VALUES (4803,21,48);
INSERT INTO CASTING(ACTORID,MOVIEID,ORDINAL) VALUES (4808,14,3);
INSERT INTO CASTING(ACTORID,MOVIEID,ORDINAL) VALUES (4819,4,2);
INSERT INTO CASTING(ACTORID,MOVIEID,ORDINAL) VALUES (4831,30,6);
INSERT INTO CASTING(ACTORID,MOVIEID,ORDINAL) VALUES (4840,6,14);
INSERT INTO CASTING(ACTORID,MOVIEID,ORDINAL) VALUES (4845,4,4);
INSERT INTO CASTING(ACTORID,MOVIEID,ORDINAL) VALUES (4846,2,37);
INSERT INTO CASTING(ACTORID,MOVIEID,ORDINAL) VALUES (4857,35,4);
INSERT INTO CASTING(ACTORID,MOVIEID,ORDINAL) VALUES (4859,11,1);
INSERT INTO CASTING(ACTORID,MOVIEID,ORDINAL) VALUES (4860,22,16);
INSERT INTO CASTING(ACTORID,MOVIEID,ORDINAL) VALUES (4904,9,18);
INSERT INTO CASTING(ACTORID,MOVIEID,ORDINAL) VALUES (4906,16,13);
INSERT INTO CASTING(ACTORID,MOVIEID,ORDINAL) VALUES (4913,26,62);
INSERT INTO CASTING(ACTORID,MOVIEID,ORDINAL) VALUES (4919,7,41);
INSERT INTO CASTING(ACTORID,MOVIEID,ORDINAL) VALUES (4936,6,16);
INSERT INTO CASTING(ACTORID,MOVIEID,ORDINAL) VALUES (4948,14,25);
INSERT INTO CASTING(ACTORID,MOVIEID,ORDINAL) VALUES (4950,1,7);
INSERT INTO CASTING(ACTORID,MOVIEID,ORDINAL) VALUES (4950,6,8);
INSERT INTO CASTING(ACTORID,MOVIEID,ORDINAL) VALUES (4965,28,15);
INSERT INTO CASTING(ACTORID,MOVIEID,ORDINAL) VALUES (4968,22,17);
INSERT INTO CASTING(ACTORID,MOVIEID,ORDINAL) VALUES (4973,3,13);
INSERT INTO CASTING(ACTORID,MOVIEID,ORDINAL) VALUES (4975,30,2);
INSERT INTO CASTING(ACTORID,MOVIEID,ORDINAL) VALUES (4980,8,82);
INSERT INTO CASTING(ACTORID,MOVIEID,ORDINAL) VALUES (4993,12,26);
INSERT INTO CASTING(ACTORID,MOVIEID,ORDINAL) VALUES (5000,9,4);
INSERT INTO CASTING(ACTORID,MOVIEID,ORDINAL) VALUES (5003,8,59);
INSERT INTO CASTING(ACTORID,MOVIEID,ORDINAL) VALUES (5004,9,5);
INSERT INTO CASTING(ACTORID,MOVIEID,ORDINAL) VALUES (5004,24,30);
INSERT INTO CASTING(ACTORID,MOVIEID,ORDINAL) VALUES (5005,21,52);
INSERT INTO CASTING(ACTORID,MOVIEID,ORDINAL) VALUES (5040,8,89);
INSERT INTO CASTING(ACTORID,MOVIEID,ORDINAL) VALUES (5046,10,24);
INSERT INTO CASTING(ACTORID,MOVIEID,ORDINAL) VALUES (5046,13,26);
INSERT INTO CASTING(ACTORID,MOVIEID,ORDINAL) VALUES (5048,27,8);
INSERT INTO CASTING(ACTORID,MOVIEID,ORDINAL) VALUES (5052,12,38);
INSERT INTO CASTING(ACTORID,MOVIEID,ORDINAL) VALUES (5067,33,4);
INSERT INTO CASTING(ACTORID,MOVIEID,ORDINAL) VALUES (5102,14,53);
INSERT INTO CASTING(ACTORID,MOVIEID,ORDINAL) VALUES (5109,13,5);
INSERT INTO CASTING(ACTORID,MOVIEID,ORDINAL) VALUES (5126,7,10);
INSERT INTO CASTING(ACTORID,MOVIEID,ORDINAL) VALUES (5126,20,16);
INSERT INTO CASTING(ACTORID,MOVIEID,ORDINAL) VALUES (5154,32,2);
INSERT INTO CASTING(ACTORID,MOVIEID,ORDINAL) VALUES (5161,2,3);
INSERT INTO CASTING(ACTORID,MOVIEID,ORDINAL) VALUES (5169,14,52);
INSERT INTO CASTING(ACTORID,MOVIEID,ORDINAL) VALUES (5173,28,7);
INSERT INTO CASTING(ACTORID,MOVIEID,ORDINAL) VALUES (5181,2,47);
INSERT INTO CASTING(ACTORID,MOVIEID,ORDINAL) VALUES (5181,27,17);
INSERT INTO CASTING(ACTORID,MOVIEID,ORDINAL) VALUES (5185,14,4);
INSERT INTO CASTING(ACTORID,MOVIEID,ORDINAL) VALUES (5186,27,6);
INSERT INTO CASTING(ACTORID,MOVIEID,ORDINAL) VALUES (5190,19,4);
INSERT INTO CASTING(ACTORID,MOVIEID,ORDINAL) VALUES (5191,25,3);
INSERT INTO CASTING(ACTORID,MOVIEID,ORDINAL) VALUES (5200,21,53);
INSERT INTO CASTING(ACTORID,MOVIEID,ORDINAL) VALUES (5203,25,10);
INSERT INTO CASTING(ACTORID,MOVIEID,ORDINAL) VALUES (5208,33,19);
INSERT INTO CASTING(ACTORID,MOVIEID,ORDINAL) VALUES (5220,14,14);
INSERT INTO CASTING(ACTORID,MOVIEID,ORDINAL) VALUES (5227,8,25);
INSERT INTO CASTING(ACTORID,MOVIEID,ORDINAL) VALUES (5227,24,43);
INSERT INTO CASTING(ACTORID,MOVIEID,ORDINAL) VALUES (5233,24,35);
INSERT INTO CASTING(ACTORID,MOVIEID,ORDINAL) VALUES (5235,23,18);
INSERT INTO CASTING(ACTORID,MOVIEID,ORDINAL) VALUES (5259,11,5);
INSERT INTO CASTING(ACTORID,MOVIEID,ORDINAL) VALUES (5266,4,1);
INSERT INTO CASTING(ACTORID,MOVIEID,ORDINAL) VALUES (5267,17,13);
INSERT INTO CASTING(ACTORID,MOVIEID,ORDINAL) VALUES (5284,1,24);
INSERT INTO CASTING(ACTORID,MOVIEID,ORDINAL) VALUES (5285,8,57);
INSERT INTO CASTING(ACTORID,MOVIEID,ORDINAL) VALUES (5296,24,44);
INSERT INTO CASTING(ACTORID,MOVIEID,ORDINAL) VALUES (5299,5,50);
INSERT INTO CASTING(ACTORID,MOVIEID,ORDINAL) VALUES (5305,33,16);
INSERT INTO CASTING(ACTORID,MOVIEID,ORDINAL) VALUES (5323,16,2);
INSERT INTO CASTING(ACTORID,MOVIEID,ORDINAL) VALUES (5328,2,39);
INSERT INTO CASTING(ACTORID,MOVIEID,ORDINAL) VALUES (5328,27,18);
INSERT INTO CASTING(ACTORID,MOVIEID,ORDINAL) VALUES (5329,4,32);
INSERT INTO CASTING(ACTORID,MOVIEID,ORDINAL) VALUES (5348,25,17);
INSERT INTO CASTING(ACTORID,MOVIEID,ORDINAL) VALUES (5350,21,40);
INSERT INTO CASTING(ACTORID,MOVIEID,ORDINAL) VALUES (5351,8,15);
INSERT INTO CASTING(ACTORID,MOVIEID,ORDINAL) VALUES (5361,21,59);
INSERT INTO CASTING(ACTORID,MOVIEID,ORDINAL) VALUES (5375,25,41);
INSERT INTO CASTING(ACTORID,MOVIEID,ORDINAL) VALUES (5395,30,11);
INSERT INTO CASTING(ACTORID,MOVIEID,ORDINAL) VALUES (5441,9,20);
INSERT INTO CASTING(ACTORID,MOVIEID,ORDINAL) VALUES (5445,30,53);
INSERT INTO CASTING(ACTORID,MOVIEID,ORDINAL) VALUES (5446,34,20);
INSERT INTO CASTING(ACTORID,MOVIEID,ORDINAL) VALUES (5447,34,11);
INSERT INTO CASTING(ACTORID,MOVIEID,ORDINAL) VALUES (5488,8,64);
INSERT INTO CASTING(ACTORID,MOVIEID,ORDINAL) VALUES (5501,3,5);
INSERT INTO CASTING(ACTORID,MOVIEID,ORDINAL) VALUES (5511,17,9);
INSERT INTO CASTING(ACTORID,MOVIEID,ORDINAL) VALUES (5512,21,13);
INSERT INTO CASTING(ACTORID,MOVIEID,ORDINAL) VALUES (5514,31,16);
INSERT INTO CASTING(ACTORID,MOVIEID,ORDINAL) VALUES (5525,8,17);
INSERT INTO CASTING(ACTORID,MOVIEID,ORDINAL) VALUES (5535,25,25);
INSERT INTO CASTING(ACTORID,MOVIEID,ORDINAL) VALUES (5537,19,25);
INSERT INTO CASTING(ACTORID,MOVIEID,ORDINAL) VALUES (5540,5,57);
INSERT INTO CASTING(ACTORID,MOVIEID,ORDINAL) VALUES (5544,31,1);
INSERT INTO CASTING(ACTORID,MOVIEID,ORDINAL) VALUES (5547,15,15);
INSERT INTO CASTING(ACTORID,MOVIEID,ORDINAL) VALUES (5548,5,31);
INSERT INTO CASTING(ACTORID,MOVIEID,ORDINAL) VALUES (5551,15,2);
INSERT INTO CASTING(ACTORID,MOVIEID,ORDINAL) VALUES (5570,28,28);
INSERT INTO CASTING(ACTORID,MOVIEID,ORDINAL) VALUES (5575,25,7);
INSERT INTO CASTING(ACTORID,MOVIEID,ORDINAL) VALUES (5575,30,14);
INSERT INTO CASTING(ACTORID,MOVIEID,ORDINAL) VALUES (5610,8,8);
INSERT INTO CASTING(ACTORID,MOVIEID,ORDINAL) VALUES (5618,11,6);
INSERT INTO CASTING(ACTORID,MOVIEID,ORDINAL) VALUES (5618,31,21);
INSERT INTO CASTING(ACTORID,MOVIEID,ORDINAL) VALUES (5624,15,16);
INSERT INTO CASTING(ACTORID,MOVIEID,ORDINAL) VALUES (5639,2,35);
INSERT INTO CASTING(ACTORID,MOVIEID,ORDINAL) VALUES (5658,19,7);
INSERT INTO CASTING(ACTORID,MOVIEID,ORDINAL) VALUES (5684,8,80);
INSERT INTO CASTING(ACTORID,MOVIEID,ORDINAL) VALUES (5691,24,33);
INSERT INTO CASTING(ACTORID,MOVIEID,ORDINAL) VALUES (5695,16,46);
INSERT INTO CASTING(ACTORID,MOVIEID,ORDINAL) VALUES (5703,1,1);
INSERT INTO CASTING(ACTORID,MOVIEID,ORDINAL) VALUES (5703,6,1);
INSERT INTO CASTING(ACTORID,MOVIEID,ORDINAL) VALUES (5717,12,42);
INSERT INTO CASTING(ACTORID,MOVIEID,ORDINAL) VALUES (5723,7,7);
INSERT INTO CASTING(ACTORID,MOVIEID,ORDINAL) VALUES (5723,13,10);
INSERT INTO CASTING(ACTORID,MOVIEID,ORDINAL) VALUES (5731,30,43);
INSERT INTO CASTING(ACTORID,MOVIEID,ORDINAL) VALUES (5734,12,92);
INSERT INTO CASTING(ACTORID,MOVIEID,ORDINAL) VALUES (5739,23,1);
INSERT INTO CASTING(ACTORID,MOVIEID,ORDINAL) VALUES (5739,28,1);
INSERT INTO CASTING(ACTORID,MOVIEID,ORDINAL) VALUES (5746,26,24);
INSERT INTO CASTING(ACTORID,MOVIEID,ORDINAL) VALUES (5758,32,6);
INSERT INTO CASTING(ACTORID,MOVIEID,ORDINAL) VALUES (5762,4,34);
INSERT INTO CASTING(ACTORID,MOVIEID,ORDINAL) VALUES (5766,5,44);
INSERT INTO CASTING(ACTORID,MOVIEID,ORDINAL) VALUES (5769,24,38);
INSERT INTO CASTING(ACTORID,MOVIEID,ORDINAL) VALUES (5770,28,3);
INSERT INTO CASTING(ACTORID,MOVIEID,ORDINAL) VALUES (5804,30,17);
INSERT INTO CASTING(ACTORID,MOVIEID,ORDINAL) VALUES (5811,8,4);
INSERT INTO CASTING(ACTORID,MOVIEID,ORDINAL) VALUES (5823,34,27);
INSERT INTO CASTING(ACTORID,MOVIEID,ORDINAL) VALUES (5847,21,42);
INSERT INTO CASTING(ACTORID,MOVIEID,ORDINAL) VALUES (5864,10,16);
INSERT INTO CASTING(ACTORID,MOVIEID,ORDINAL) VALUES (5892,30,20);
INSERT INTO CASTING(ACTORID,MOVIEID,ORDINAL) VALUES (5894,30,28);
INSERT INTO CASTING(ACTORID,MOVIEID,ORDINAL) VALUES (5905,30,48);
INSERT INTO CASTING(ACTORID,MOVIEID,ORDINAL) VALUES (5921,5,1);
INSERT INTO CASTING(ACTORID,MOVIEID,ORDINAL) VALUES (5923,15,11);
INSERT INTO CASTING(ACTORID,MOVIEID,ORDINAL) VALUES (5960,31,3);
INSERT INTO CASTING(ACTORID,MOVIEID,ORDINAL) VALUES (5997,34,1);
INSERT INTO CASTING(ACTORID,MOVIEID,ORDINAL) VALUES (5998,13,3);
INSERT INTO CASTING(ACTORID,MOVIEID,ORDINAL) VALUES (5998,26,7);
INSERT INTO CASTING(ACTORID,MOVIEID,ORDINAL) VALUES (6005,12,65);
INSERT INTO CASTING(ACTORID,MOVIEID,ORDINAL) VALUES (6006,5,30);
INSERT INTO CASTING(ACTORID,MOVIEID,ORDINAL) VALUES (6023,6,19);
INSERT INTO CASTING(ACTORID,MOVIEID,ORDINAL) VALUES (6031,19,5);
INSERT INTO CASTING(ACTORID,MOVIEID,ORDINAL) VALUES (6037,4,28);
INSERT INTO CASTING(ACTORID,MOVIEID,ORDINAL) VALUES (6054,31,10);
INSERT INTO CASTING(ACTORID,MOVIEID,ORDINAL) VALUES (6065,25,1);
INSERT INTO CASTING(ACTORID,MOVIEID,ORDINAL) VALUES (6068,12,82);
INSERT INTO CASTING(ACTORID,MOVIEID,ORDINAL) VALUES (6084,27,3);
INSERT INTO CASTING(ACTORID,MOVIEID,ORDINAL) VALUES (6087,24,39);
INSERT INTO CASTING(ACTORID,MOVIEID,ORDINAL) VALUES (6100,18,6);
INSERT INTO CASTING(ACTORID,MOVIEID,ORDINAL) VALUES (6108,24,29);
INSERT INTO CASTING(ACTORID,MOVIEID,ORDINAL) VALUES (6123,6,18);
INSERT INTO CASTING(ACTORID,MOVIEID,ORDINAL) VALUES (6127,27,15);
INSERT INTO CASTING(ACTORID,MOVIEID,ORDINAL) VALUES (6140,8,47);
INSERT INTO CASTING(ACTORID,MOVIEID,ORDINAL) VALUES (6179,32,13);
INSERT INTO CASTING(ACTORID,MOVIEID,ORDINAL) VALUES (6201,12,57);
INSERT INTO CASTING(ACTORID,MOVIEID,ORDINAL) VALUES (6208,16,40);
INSERT INTO CASTING(ACTORID,MOVIEID,ORDINAL) VALUES (6216,30,19);
INSERT INTO CASTING(ACTORID,MOVIEID,ORDINAL) VALUES (6254,8,26);
INSERT INTO CASTING(ACTORID,MOVIEID,ORDINAL) VALUES (6287,7,2);
INSERT INTO CASTING(ACTORID,MOVIEID,ORDINAL) VALUES (6287,24,1);
INSERT INTO CASTING(ACTORID,MOVIEID,ORDINAL) VALUES (6289,3,12);
INSERT INTO CASTING(ACTORID,MOVIEID,ORDINAL) VALUES (6291,23,17);
INSERT INTO CASTING(ACTORID,MOVIEID,ORDINAL) VALUES (6297,8,98);
INSERT INTO CASTING(ACTORID,MOVIEID,ORDINAL) VALUES (6310,12,4);
INSERT INTO CASTING(ACTORID,MOVIEID,ORDINAL) VALUES (6349,34,12);
INSERT INTO CASTING(ACTORID,MOVIEID,ORDINAL) VALUES (6357,19,12);
INSERT INTO CASTING(ACTORID,MOVIEID,ORDINAL) VALUES (6360,7,31);
INSERT INTO CASTING(ACTORID,MOVIEID,ORDINAL) VALUES (6364,30,29);
INSERT INTO CASTING(ACTORID,MOVIEID,ORDINAL) VALUES (6371,7,11);
INSERT INTO CASTING(ACTORID,MOVIEID,ORDINAL) VALUES (6373,18,9);
INSERT INTO CASTING(ACTORID,MOVIEID,ORDINAL) VALUES (6376,7,30);
INSERT INTO CASTING(ACTORID,MOVIEID,ORDINAL) VALUES (6381,8,84);
INSERT INTO CASTING(ACTORID,MOVIEID,ORDINAL) VALUES (6390,5,49);
INSERT INTO CASTING(ACTORID,MOVIEID,ORDINAL) VALUES (6394,4,15);
INSERT INTO CASTING(ACTORID,MOVIEID,ORDINAL) VALUES (6437,26,2);
INSERT INTO CASTING(ACTORID,MOVIEID,ORDINAL) VALUES (6453,16,31);
INSERT INTO CASTING(ACTORID,MOVIEID,ORDINAL) VALUES (6467,16,30);
INSERT INTO CASTING(ACTORID,MOVIEID,ORDINAL) VALUES (6482,25,31);
INSERT INTO CASTING(ACTORID,MOVIEID,ORDINAL) VALUES (6488,6,34);
INSERT INTO CASTING(ACTORID,MOVIEID,ORDINAL) VALUES (6501,6,35);
INSERT INTO CASTING(ACTORID,MOVIEID,ORDINAL) VALUES (6508,14,29);
INSERT INTO CASTING(ACTORID,MOVIEID,ORDINAL) VALUES (6520,6,23);
INSERT INTO CASTING(ACTORID,MOVIEID,ORDINAL) VALUES (6593,14,23);
INSERT INTO CASTING(ACTORID,MOVIEID,ORDINAL) VALUES (6598,10,20);
INSERT INTO CASTING(ACTORID,MOVIEID,ORDINAL) VALUES (6627,31,2);
INSERT INTO CASTING(ACTORID,MOVIEID,ORDINAL) VALUES (6645,5,3);
INSERT INTO CASTING(ACTORID,MOVIEID,ORDINAL) VALUES (6654,19,1);
INSERT INTO CASTING(ACTORID,MOVIEID,ORDINAL) VALUES (6665,19,20);
INSERT INTO CASTING(ACTORID,MOVIEID,ORDINAL) VALUES (6668,30,68);
INSERT INTO CASTING(ACTORID,MOVIEID,ORDINAL) VALUES (6670,10,3);
INSERT INTO CASTING(ACTORID,MOVIEID,ORDINAL) VALUES (6674,13,17);
INSERT INTO CASTING(ACTORID,MOVIEID,ORDINAL) VALUES (6690,9,11);
INSERT INTO CASTING(ACTORID,MOVIEID,ORDINAL) VALUES (6702,2,11);
INSERT INTO CASTING(ACTORID,MOVIEID,ORDINAL) VALUES (6721,17,3);
INSERT INTO CASTING(ACTORID,MOVIEID,ORDINAL) VALUES (6736,14,27);
INSERT INTO CASTING(ACTORID,MOVIEID,ORDINAL) VALUES (6737,8,49);
INSERT INTO CASTING(ACTORID,MOVIEID,ORDINAL) VALUES (6741,30,80);
INSERT INTO CASTING(ACTORID,MOVIEID,ORDINAL) VALUES (6745,7,16);
INSERT INTO CASTING(ACTORID,MOVIEID,ORDINAL) VALUES (6754,12,87);
INSERT INTO CASTING(ACTORID,MOVIEID,ORDINAL) VALUES (6755,13,4);
INSERT INTO CASTING(ACTORID,MOVIEID,ORDINAL) VALUES (6809,9,7);
INSERT INTO CASTING(ACTORID,MOVIEID,ORDINAL) VALUES (6816,2,41);
INSERT INTO CASTING(ACTORID,MOVIEID,ORDINAL) VALUES (6821,1,8);
INSERT INTO CASTING(ACTORID,MOVIEID,ORDINAL) VALUES (6821,6,7);
INSERT INTO CASTING(ACTORID,MOVIEID,ORDINAL) VALUES (6834,34,2);
INSERT INTO CASTING(ACTORID,MOVIEID,ORDINAL) VALUES (6837,35,6);
INSERT INTO CASTING(ACTORID,MOVIEID,ORDINAL) VALUES (6845,15,10);
INSERT INTO CASTING(ACTORID,MOVIEID,ORDINAL) VALUES (6848,24,8);
INSERT INTO CASTING(ACTORID,MOVIEID,ORDINAL) VALUES (6850,1,4);
INSERT INTO CASTING(ACTORID,MOVIEID,ORDINAL) VALUES (6851,12,16);
INSERT INTO CASTING(ACTORID,MOVIEID,ORDINAL) VALUES (6861,15,9);
INSERT INTO CASTING(ACTORID,MOVIEID,ORDINAL) VALUES (6873,16,49);
INSERT INTO CASTING(ACTORID,MOVIEID,ORDINAL) VALUES (6879,17,7);
INSERT INTO CASTING(ACTORID,MOVIEID,ORDINAL) VALUES (6891,5,43);
INSERT INTO CASTING(ACTORID,MOVIEID,ORDINAL) VALUES (6891,22,7);
INSERT INTO CASTING(ACTORID,MOVIEID,ORDINAL) VALUES (6902,16,15);
INSERT INTO CASTING(ACTORID,MOVIEID,ORDINAL) VALUES (6904,35,1);
INSERT INTO CASTING(ACTORID,MOVIEID,ORDINAL) VALUES (6906,20,3);
INSERT INTO CASTING(ACTORID,MOVIEID,ORDINAL) VALUES (6924,5,52);
INSERT INTO CASTING(ACTORID,MOVIEID,ORDINAL) VALUES (6938,34,23);
INSERT INTO CASTING(ACTORID,MOVIEID,ORDINAL) VALUES (6939,31,19);
INSERT INTO CASTING(ACTORID,MOVIEID,ORDINAL) VALUES (7006,2,44);
INSERT INTO CASTING(ACTORID,MOVIEID,ORDINAL) VALUES (7006,27,10);
INSERT INTO CASTING(ACTORID,MOVIEID,ORDINAL) VALUES (7010,24,10);
INSERT INTO CASTING(ACTORID,MOVIEID,ORDINAL) VALUES (7022,24,48);
INSERT INTO CASTING(ACTORID,MOVIEID,ORDINAL) VALUES (7043,33,1);
INSERT INTO CASTING(ACTORID,MOVIEID,ORDINAL) VALUES (7051,26,45);
INSERT INTO CASTING(ACTORID,MOVIEID,ORDINAL) VALUES (7060,8,83);
INSERT INTO CASTING(ACTORID,MOVIEID,ORDINAL) VALUES (7060,30,58);
INSERT INTO CASTING(ACTORID,MOVIEID,ORDINAL) VALUES (7076,8,61);
INSERT INTO CASTING(ACTORID,MOVIEID,ORDINAL) VALUES (7079,8,7);
INSERT INTO CASTING(ACTORID,MOVIEID,ORDINAL) VALUES (7081,8,30);
INSERT INTO CASTING(ACTORID,MOVIEID,ORDINAL) VALUES (7095,6,36);
INSERT INTO CASTING(ACTORID,MOVIEID,ORDINAL) VALUES (7100,30,27);
INSERT INTO CASTING(ACTORID,MOVIEID,ORDINAL) VALUES (7112,33,17);
INSERT INTO CASTING(ACTORID,MOVIEID,ORDINAL) VALUES (7117,26,51);
INSERT INTO CASTING(ACTORID,MOVIEID,ORDINAL) VALUES (7122,25,32);
INSERT INTO CASTING(ACTORID,MOVIEID,ORDINAL) VALUES (7130,4,82);
INSERT INTO CASTING(ACTORID,MOVIEID,ORDINAL) VALUES (7141,24,9);
INSERT INTO CASTING(ACTORID,MOVIEID,ORDINAL) VALUES (7180,13,11);
INSERT INTO CASTING(ACTORID,MOVIEID,ORDINAL) VALUES (7183,2,31);
INSERT INTO CASTING(ACTORID,MOVIEID,ORDINAL) VALUES (7183,27,11);
INSERT INTO CASTING(ACTORID,MOVIEID,ORDINAL) VALUES (7203,32,4);
INSERT INTO CASTING(ACTORID,MOVIEID,ORDINAL) VALUES (7219,23,21);
INSERT INTO CASTING(ACTORID,MOVIEID,ORDINAL) VALUES (7251,4,22);
INSERT INTO CASTING(ACTORID,MOVIEID,ORDINAL) VALUES (7265,32,22);
INSERT INTO CASTING(ACTORID,MOVIEID,ORDINAL) VALUES (7268,25,27);
INSERT INTO CASTING(ACTORID,MOVIEID,ORDINAL) VALUES (7270,1,23);
INSERT INTO CASTING(ACTORID,MOVIEID,ORDINAL) VALUES (7271,5,47);
INSERT INTO CASTING(ACTORID,MOVIEID,ORDINAL) VALUES (7283,6,28);
INSERT INTO CASTING(ACTORID,MOVIEID,ORDINAL) VALUES (7285,24,31);
INSERT INTO CASTING(ACTORID,MOVIEID,ORDINAL) VALUES (7291,24,17);
INSERT INTO CASTING(ACTORID,MOVIEID,ORDINAL) VALUES (7294,24,52);
INSERT INTO CASTING(ACTORID,MOVIEID,ORDINAL) VALUES (7297,8,66);
INSERT INTO CASTING(ACTORID,MOVIEID,ORDINAL) VALUES (7336,21,21);
INSERT INTO CASTING(ACTORID,MOVIEID,ORDINAL) VALUES (7380,11,7);
INSERT INTO CASTING(ACTORID,MOVIEID,ORDINAL) VALUES (7382,22,5);
INSERT INTO CASTING(ACTORID,MOVIEID,ORDINAL) VALUES (7394,16,4);
INSERT INTO CASTING(ACTORID,MOVIEID,ORDINAL) VALUES (7432,23,5);
INSERT INTO CASTING(ACTORID,MOVIEID,ORDINAL) VALUES (7432,28,2);
INSERT INTO CASTING(ACTORID,MOVIEID,ORDINAL) VALUES (7444,7,38);
INSERT INTO CASTING(ACTORID,MOVIEID,ORDINAL) VALUES (7453,24,28);
INSERT INTO CASTING(ACTORID,MOVIEID,ORDINAL) VALUES (7462,25,34);
INSERT INTO CASTING(ACTORID,MOVIEID,ORDINAL) VALUES (7472,8,6);
INSERT INTO CASTING(ACTORID,MOVIEID,ORDINAL) VALUES (7492,19,14);
INSERT INTO CASTING(ACTORID,MOVIEID,ORDINAL) VALUES (7502,2,30);
INSERT INTO CASTING(ACTORID,MOVIEID,ORDINAL) VALUES (7502,27,16);
INSERT INTO CASTING(ACTORID,MOVIEID,ORDINAL) VALUES (7522,16,14);
INSERT INTO CASTING(ACTORID,MOVIEID,ORDINAL) VALUES (7547,12,2);
INSERT INTO CASTING(ACTORID,MOVIEID,ORDINAL) VALUES (7547,15,8);
INSERT INTO CASTING(ACTORID,MOVIEID,ORDINAL) VALUES (7556,4,39);
INSERT INTO CASTING(ACTORID,MOVIEID,ORDINAL) VALUES (7577,14,32);
INSERT INTO CASTING(ACTORID,MOVIEID,ORDINAL) VALUES (7577,30,64);
INSERT INTO CASTING(ACTORID,MOVIEID,ORDINAL) VALUES (7592,7,50);
INSERT INTO CASTING(ACTORID,MOVIEID,ORDINAL) VALUES (7600,19,29);
INSERT INTO CASTING(ACTORID,MOVIEID,ORDINAL) VALUES (7603,16,36);
INSERT INTO CASTING(ACTORID,MOVIEID,ORDINAL) VALUES (7612,4,24);
INSERT INTO CASTING(ACTORID,MOVIEID,ORDINAL) VALUES (7624,8,77);
INSERT INTO CASTING(ACTORID,MOVIEID,ORDINAL) VALUES (7633,14,33);
INSERT INTO CASTING(ACTORID,MOVIEID,ORDINAL) VALUES (7640,10,4);
INSERT INTO CASTING(ACTORID,MOVIEID,ORDINAL) VALUES (7653,4,35);
INSERT INTO CASTING(ACTORID,MOVIEID,ORDINAL) VALUES (7657,2,13);
INSERT INTO CASTING(ACTORID,MOVIEID,ORDINAL) VALUES (7676,8,16);
INSERT INTO CASTING(ACTORID,MOVIEID,ORDINAL) VALUES (7697,21,17);
INSERT INTO CASTING(ACTORID,MOVIEID,ORDINAL) VALUES (7705,23,15);
INSERT INTO CASTING(ACTORID,MOVIEID,ORDINAL) VALUES (7717,5,29);
INSERT INTO CASTING(ACTORID,MOVIEID,ORDINAL) VALUES (7735,3,2);
INSERT INTO CASTING(ACTORID,MOVIEID,ORDINAL) VALUES (7746,30,57);
INSERT INTO CASTING(ACTORID,MOVIEID,ORDINAL) VALUES (7753,16,7);
INSERT INTO CASTING(ACTORID,MOVIEID,ORDINAL) VALUES (7756,25,33);
INSERT INTO CASTING(ACTORID,MOVIEID,ORDINAL) VALUES (7765,12,5);
INSERT INTO CASTING(ACTORID,MOVIEID,ORDINAL) VALUES (7767,18,14);
INSERT INTO CASTING(ACTORID,MOVIEID,ORDINAL) VALUES (7770,20,8);
INSERT INTO CASTING(ACTORID,MOVIEID,ORDINAL) VALUES (7775,12,12);
INSERT INTO CASTING(ACTORID,MOVIEID,ORDINAL) VALUES (7777,28,6);
INSERT INTO CASTING(ACTORID,MOVIEID,ORDINAL) VALUES (7788,32,1);
INSERT INTO CASTING(ACTORID,MOVIEID,ORDINAL) VALUES (7800,26,54);
INSERT INTO CASTING(ACTORID,MOVIEID,ORDINAL) VALUES (7810,2,5);
INSERT INTO CASTING(ACTORID,MOVIEID,ORDINAL) VALUES (7810,32,10);
INSERT INTO CASTING(ACTORID,MOVIEID,ORDINAL) VALUES (7856,8,86);
INSERT INTO CASTING(ACTORID,MOVIEID,ORDINAL) VALUES (7857,34,5);
INSERT INTO CASTING(ACTORID,MOVIEID,ORDINAL) VALUES (7874,14,5);
INSERT INTO CASTING(ACTORID,MOVIEID,ORDINAL) VALUES (7874,28,12);
INSERT INTO CASTING(ACTORID,MOVIEID,ORDINAL) VALUES (7892,11,8);
INSERT INTO CASTING(ACTORID,MOVIEID,ORDINAL) VALUES (7896,26,1);
INSERT INTO CASTING(ACTORID,MOVIEID,ORDINAL) VALUES (7903,5,13);
INSERT INTO CASTING(ACTORID,MOVIEID,ORDINAL) VALUES (7913,3,3);
INSERT INTO CASTING(ACTORID,MOVIEID,ORDINAL) VALUES (7930,35,14);
INSERT INTO CASTING(ACTORID,MOVIEID,ORDINAL) VALUES (7933,24,51);
INSERT INTO CASTING(ACTORID,MOVIEID,ORDINAL) VALUES (7937,20,15);
INSERT INTO CASTING(ACTORID,MOVIEID,ORDINAL) VALUES (7959,4,90);
INSERT INTO CASTING(ACTORID,MOVIEID,ORDINAL) VALUES (7966,31,15);
INSERT INTO CASTING(ACTORID,MOVIEID,ORDINAL) VALUES (7968,1,11);
INSERT INTO CASTING(ACTORID,MOVIEID,ORDINAL) VALUES (7994,22,12);
INSERT INTO CASTING(ACTORID,MOVIEID,ORDINAL) VALUES (8011,13,1);
INSERT INTO CASTING(ACTORID,MOVIEID,ORDINAL) VALUES (8011,29,2);
INSERT INTO CASTING(ACTORID,MOVIEID,ORDINAL) VALUES (8015,21,8);
INSERT INTO CASTING(ACTORID,MOVIEID,ORDINAL) VALUES (8026,23,30);
INSERT INTO CASTING(ACTORID,MOVIEID,ORDINAL) VALUES (8028,12,17);
INSERT INTO CASTING(ACTORID,MOVIEID,ORDINAL) VALUES (8036,35,5);
INSERT INTO CASTING(ACTORID,MOVIEID,ORDINAL) VALUES (8103,9,1);
INSERT INTO CASTING(ACTORID,MOVIEID,ORDINAL) VALUES (8105,21,60);
INSERT INTO CASTING(ACTORID,MOVIEID,ORDINAL) VALUES (8131,12,72);
INSERT INTO CASTING(ACTORID,MOVIEID,ORDINAL) VALUES (8133,23,6);
INSERT INTO CASTING(ACTORID,MOVIEID,ORDINAL) VALUES (8133,35,3);
INSERT INTO CASTING(ACTORID,MOVIEID,ORDINAL) VALUES (8139,20,24);
INSERT INTO CASTING(ACTORID,MOVIEID,ORDINAL) VALUES (8148,2,23);
INSERT INTO CASTING(ACTORID,MOVIEID,ORDINAL) VALUES (8148,20,2);
INSERT INTO CASTING(ACTORID,MOVIEID,ORDINAL) VALUES (8148,27,5);
INSERT INTO CASTING(ACTORID,MOVIEID,ORDINAL) VALUES (8154,8,33);
INSERT INTO CASTING(ACTORID,MOVIEID,ORDINAL) VALUES (8173,30,51);
INSERT INTO CASTING(ACTORID,MOVIEID,ORDINAL) VALUES (8175,20,12);
INSERT INTO CASTING(ACTORID,MOVIEID,ORDINAL) VALUES (8186,27,20);
INSERT INTO CASTING(ACTORID,MOVIEID,ORDINAL) VALUES (8188,31,22);
INSERT INTO CASTING(ACTORID,MOVIEID,ORDINAL) VALUES (8229,14,10);
INSERT INTO CASTING(ACTORID,MOVIEID,ORDINAL) VALUES (8273,22,10);
INSERT INTO CASTING(ACTORID,MOVIEID,ORDINAL) VALUES (8288,4,13);
INSERT INTO CASTING(ACTORID,MOVIEID,ORDINAL) VALUES (8288,9,8);
INSERT INTO CASTING(ACTORID,MOVIEID,ORDINAL) VALUES (8295,17,6);
INSERT INTO CASTING(ACTORID,MOVIEID,ORDINAL) VALUES (8296,34,15);
INSERT INTO CASTING(ACTORID,MOVIEID,ORDINAL) VALUES (8319,23,12);
INSERT INTO CASTING(ACTORID,MOVIEID,ORDINAL) VALUES (8322,5,35);
INSERT INTO CASTING(ACTORID,MOVIEID,ORDINAL) VALUES (8348,10,34);
INSERT INTO CASTING(ACTORID,MOVIEID,ORDINAL) VALUES (8351,14,18);
INSERT INTO CASTING(ACTORID,MOVIEID,ORDINAL) VALUES (8353,34,19);
INSERT INTO CASTING(ACTORID,MOVIEID,ORDINAL) VALUES (8366,23,25);
INSERT INTO CASTING(ACTORID,MOVIEID,ORDINAL) VALUES (8382,16,44);
INSERT INTO CASTING(ACTORID,MOVIEID,ORDINAL) VALUES (8388,4,57);
INSERT INTO CASTING(ACTORID,MOVIEID,ORDINAL) VALUES (8390,18,4);
INSERT INTO CASTING(ACTORID,MOVIEID,ORDINAL) VALUES (8391,18,5);
INSERT INTO CASTING(ACTORID,MOVIEID,ORDINAL) VALUES (8397,10,26);
INSERT INTO CASTING(ACTORID,MOVIEID,ORDINAL) VALUES (8414,8,42);
INSERT INTO CASTING(ACTORID,MOVIEID,ORDINAL) VALUES (8414,30,54);
INSERT INTO CASTING(ACTORID,MOVIEID,ORDINAL) VALUES (8418,30,82);
INSERT INTO CASTING(ACTORID,MOVIEID,ORDINAL) VALUES (8426,8,90);
INSERT INTO CASTING(ACTORID,MOVIEID,ORDINAL) VALUES (8427,25,5);
INSERT INTO CASTING(ACTORID,MOVIEID,ORDINAL) VALUES (8435,26,43);
INSERT INTO CASTING(ACTORID,MOVIEID,ORDINAL) VALUES (8472,8,38);
INSERT INTO CASTING(ACTORID,MOVIEID,ORDINAL) VALUES (8481,7,1);
INSERT INTO CASTING(ACTORID,MOVIEID,ORDINAL) VALUES (8483,2,1);
INSERT INTO CASTING(ACTORID,MOVIEID,ORDINAL) VALUES (8483,27,2);
INSERT INTO CASTING(ACTORID,MOVIEID,ORDINAL) VALUES (8530,30,60);
INSERT INTO CASTING(ACTORID,MOVIEID,ORDINAL) VALUES (8532,26,20);
INSERT INTO CASTING(ACTORID,MOVIEID,ORDINAL) VALUES (8532,30,37);
INSERT INTO CASTING(ACTORID,MOVIEID,ORDINAL) VALUES (8538,28,17);
INSERT INTO CASTING(ACTORID,MOVIEID,ORDINAL) VALUES (8548,30,24);
INSERT INTO CASTING(ACTORID,MOVIEID,ORDINAL) VALUES (8562,12,1);
INSERT INTO CASTING(ACTORID,MOVIEID,ORDINAL) VALUES (8562,30,1);
INSERT INTO CASTING(ACTORID,MOVIEID,ORDINAL) VALUES (8597,29,1);
INSERT INTO CASTING(ACTORID,MOVIEID,ORDINAL) VALUES (8601,26,55);
INSERT INTO CASTING(ACTORID,MOVIEID,ORDINAL) VALUES (8612,5,25);
INSERT INTO CASTING(ACTORID,MOVIEID,ORDINAL) VALUES (8616,14,48);
INSERT INTO CASTING(ACTORID,MOVIEID,ORDINAL) VALUES (8621,25,38);
INSERT INTO CASTING(ACTORID,MOVIEID,ORDINAL) VALUES (8656,23,23);
INSERT INTO CASTING(ACTORID,MOVIEID,ORDINAL) VALUES (8680,16,34);
INSERT INTO CASTING(ACTORID,MOVIEID,ORDINAL) VALUES (8683,26,11);
INSERT INTO CASTING(ACTORID,MOVIEID,ORDINAL) VALUES (8684,10,33);
INSERT INTO CASTING(ACTORID,MOVIEID,ORDINAL) VALUES (8691,14,24);
INSERT INTO CASTING(ACTORID,MOVIEID,ORDINAL) VALUES (8697,35,8);
INSERT INTO CASTING(ACTORID,MOVIEID,ORDINAL) VALUES (8698,30,15);
INSERT INTO CASTING(ACTORID,MOVIEID,ORDINAL) VALUES (8720,24,32);
INSERT INTO CASTING(ACTORID,MOVIEID,ORDINAL) VALUES (8725,10,22);
INSERT INTO CASTING(ACTORID,MOVIEID,ORDINAL) VALUES (8735,2,15);
INSERT INTO CASTING(ACTORID,MOVIEID,ORDINAL) VALUES (8757,4,87);
INSERT INTO CASTING(ACTORID,MOVIEID,ORDINAL) VALUES (8757,16,48);
INSERT INTO CASTING(ACTORID,MOVIEID,ORDINAL) VALUES (8761,8,74);
INSERT INTO CASTING(ACTORID,MOVIEID,ORDINAL) VALUES (8767,2,38);
INSERT INTO CASTING(ACTORID,MOVIEID,ORDINAL) VALUES (8777,29,3);
INSERT INTO CASTING(ACTORID,MOVIEID,ORDINAL) VALUES (8781,10,10);
INSERT INTO CASTING(ACTORID,MOVIEID,ORDINAL) VALUES (8792,4,12);
INSERT INTO CASTING(ACTORID,MOVIEID,ORDINAL) VALUES (8832,34,26);
INSERT INTO CASTING(ACTORID,MOVIEID,ORDINAL) VALUES (8838,2,10);
INSERT INTO CASTING(ACTORID,MOVIEID,ORDINAL) VALUES (8850,9,23);
INSERT INTO CASTING(ACTORID,MOVIEID,ORDINAL) VALUES (8851,23,24);
INSERT INTO CASTING(ACTORID,MOVIEID,ORDINAL) VALUES (8857,8,14);
INSERT INTO CASTING(ACTORID,MOVIEID,ORDINAL) VALUES (8875,15,5);
INSERT INTO CASTING(ACTORID,MOVIEID,ORDINAL) VALUES (8899,30,49);
INSERT INTO CASTING(ACTORID,MOVIEID,ORDINAL) VALUES (8908,31,4);
INSERT INTO CASTING(ACTORID,MOVIEID,ORDINAL) VALUES (8911,20,13);
INSERT INTO CASTING(ACTORID,MOVIEID,ORDINAL) VALUES (8920,20,25);
INSERT INTO CASTING(ACTORID,MOVIEID,ORDINAL) VALUES (8924,30,32);
INSERT INTO CASTING(ACTORID,MOVIEID,ORDINAL) VALUES (8928,32,11);
INSERT INTO CASTING(ACTORID,MOVIEID,ORDINAL) VALUES (8935,25,8);
INSERT INTO CASTING(ACTORID,MOVIEID,ORDINAL) VALUES (8946,8,78);
INSERT INTO CASTING(ACTORID,MOVIEID,ORDINAL) VALUES (8961,32,16);
INSERT INTO CASTING(ACTORID,MOVIEID,ORDINAL) VALUES (8971,25,20);
INSERT INTO CASTING(ACTORID,MOVIEID,ORDINAL) VALUES (8978,34,24);
INSERT INTO CASTING(ACTORID,MOVIEID,ORDINAL) VALUES (8979,8,1);
INSERT INTO CASTING(ACTORID,MOVIEID,ORDINAL) VALUES (8983,33,3);
INSERT INTO CASTING(ACTORID,MOVIEID,ORDINAL) VALUES (9005,34,8);
INSERT INTO CASTING(ACTORID,MOVIEID,ORDINAL) VALUES (9009,26,6);
INSERT INTO CASTING(ACTORID,MOVIEID,ORDINAL) VALUES (9014,20,1);
INSERT INTO CASTING(ACTORID,MOVIEID,ORDINAL) VALUES (9017,1,18);
INSERT INTO CASTING(ACTORID,MOVIEID,ORDINAL) VALUES (9017,10,12);
INSERT INTO CASTING(ACTORID,MOVIEID,ORDINAL) VALUES (9018,13,7);
INSERT INTO CASTING(ACTORID,MOVIEID,ORDINAL) VALUES (9029,5,33);
INSERT INTO CASTING(ACTORID,MOVIEID,ORDINAL) VALUES (9040,34,22);
INSERT INTO CASTING(ACTORID,MOVIEID,ORDINAL) VALUES (9043,7,4);
INSERT INTO CASTING(ACTORID,MOVIEID,ORDINAL) VALUES (9044,3,7);
INSERT INTO CASTING(ACTORID,MOVIEID,ORDINAL) VALUES (9060,26,39);
INSERT INTO CASTING(ACTORID,MOVIEID,ORDINAL) VALUES (9062,15,14);
INSERT INTO CASTING(ACTORID,MOVIEID,ORDINAL) VALUES (9069,10,8);
INSERT INTO CASTING(ACTORID,MOVIEID,ORDINAL) VALUES (9081,16,11);
INSERT INTO CASTING(ACTORID,MOVIEID,ORDINAL) VALUES (9081,30,8);
INSERT INTO CASTING(ACTORID,MOVIEID,ORDINAL) VALUES (9087,29,7);
commit;
